<?xml version = '1.0' encoding = 'UTF-8'?>
<Entity class="oracle.dbtools.crest.model.design.logical.Entity" directorySegmentName="seg_0" id="1E95CE60-79AB-6646-F668-37B8D208D0B1" name="Vuelo">
<createdBy>fcord</createdBy>
<createdTime>2025-08-18 23:46:15 UTC</createdTime>
<ownerDesignName>TareaSemana1</ownerDesignName>
<engineerTo>
<item key="8F2E8C71-C5F4-BE5C-E522-4E2E8C63BEED" value="true"/>
</engineerTo>
<adequatelyNormalized>NO</adequatelyNormalized>
<expectedVolumes>0</expectedVolumes>
<fwdEngineeringStrategyName>Single Table</fwdEngineeringStrategyName>
<growthPercent>0</growthPercent>
<growthType>Year</growthType>
<maxVolumes>9999999</maxVolumes>
<minVolumes>0</minVolumes>
<normalForm>Third</normalForm>
<attributes itemClass="oracle.dbtools.crest.model.design.logical.Attribute">
<Attribute name="Numero_vuelo" id="74C3233E-FB15-41F3-FFD0-FD5062A3DE27">
<createdBy>fcord</createdBy>
<createdTime>2025-08-18 23:46:24 UTC</createdTime>
<ownerDesignName>TareaSemana1</ownerDesignName>
<engineerTo>
<item key="8F2E8C71-C5F4-BE5C-E522-4E2E8C63BEED" value="true"/>
</engineerTo>
<useDomainConstraints>false</useDomainConstraints>
<use>1</use>
<logicalDatatype>LOGDT019</logicalDatatype>
<dataTypePrecision>1000</dataTypePrecision>
<ownDataTypeParameters>,1000,</ownDataTypeParameters>
</Attribute>
<Attribute name="Fecha_despegue" id="1D9ABBFD-F09B-D3C7-3B75-AACC60E492A4">
<createdBy>fcord</createdBy>
<createdTime>2025-08-18 23:46:35 UTC</createdTime>
<ownerDesignName>TareaSemana1</ownerDesignName>
<engineerTo>
<item key="8F2E8C71-C5F4-BE5C-E522-4E2E8C63BEED" value="true"/>
</engineerTo>
<useDomainConstraints>false</useDomainConstraints>
<use>1</use>
<logicalDatatype>LOGDT007</logicalDatatype>
<ownDataTypeParameters>,,</ownDataTypeParameters>
</Attribute>
<Attribute name="Fecha_llegada" id="7D2E5F8D-50D7-2F1C-0F87-27E6022C615F">
<createdBy>fcord</createdBy>
<createdTime>2025-08-18 23:46:43 UTC</createdTime>
<ownerDesignName>TareaSemana1</ownerDesignName>
<engineerTo>
<item key="8F2E8C71-C5F4-BE5C-E522-4E2E8C63BEED" value="true"/>
</engineerTo>
<useDomainConstraints>false</useDomainConstraints>
<use>1</use>
<logicalDatatype>LOGDT007</logicalDatatype>
<ownDataTypeParameters>,,</ownDataTypeParameters>
</Attribute>
<Attribute name="Hora_salida_aeropuerto" id="75BEF5E5-766D-387A-EFA0-D3FEC1E4BA91">
<createdBy>fcord</createdBy>
<createdTime>2025-08-18 23:46:54 UTC</createdTime>
<ownerDesignName>TareaSemana1</ownerDesignName>
<engineerTo>
<item key="8F2E8C71-C5F4-BE5C-E522-4E2E8C63BEED" value="true"/>
</engineerTo>
<useDomainConstraints>false</useDomainConstraints>
<use>1</use>
<logicalDatatype>LOGDT019</logicalDatatype>
<dataTypePrecision>1000</dataTypePrecision>
<ownDataTypeParameters>,1000,</ownDataTypeParameters>
</Attribute>
</attributes>
<identifiers itemClass="oracle.dbtools.crest.model.design.logical.CandidateKey">
<identifier id="7EBBCD2D-3AEC-C886-1A5F-BE9D2FD24327" name="Vuelo PK">
<createdBy>fcord</createdBy>
<createdTime>2025-08-18 23:46:34 UTC</createdTime>
<ownerDesignName>TareaSemana1</ownerDesignName>
<engineerTo>
<item key="8F2E8C71-C5F4-BE5C-E522-4E2E8C63BEED" value="true"/>
</engineerTo>
<pk>true</pk>
</identifier>
</identifiers>
</Entity>