<?xml version = '1.0' encoding = 'UTF-8'?>
<Entity class="oracle.dbtools.crest.model.design.logical.Entity" directorySegmentName="seg_0" id="5FBA141D-B5FE-F68F-D45B-BBCFD89F6A47" name="Empleado">
<createdBy>fcord</createdBy>
<createdTime>2025-08-18 23:42:54 UTC</createdTime>
<comment><![CDATA[
]]></comment>
<commentInRDBMS><![CDATA[NUMERIC]]></commentInRDBMS>
<ownerDesignName>TareaSemana1</ownerDesignName>
<engineerTo>
<item key="8F2E8C71-C5F4-BE5C-E522-4E2E8C63BEED" value="true"/>
</engineerTo>
<adequatelyNormalized>NO</adequatelyNormalized>
<expectedVolumes>0</expectedVolumes>
<fwdEngineeringStrategyName>Single Table</fwdEngineeringStrategyName>
<growthPercent>0</growthPercent>
<growthType>Year</growthType>
<maxVolumes>9999999</maxVolumes>
<minVolumes>0</minVolumes>
<normalForm>Third</normalForm>
<attributes itemClass="oracle.dbtools.crest.model.design.logical.Attribute">
<Attribute name="Rut" id="FC62466B-3930-44D5-B9AD-C79DBDE8ADB1">
<createdBy>fcord</createdBy>
<createdTime>2025-08-18 23:43:21 UTC</createdTime>
<ownerDesignName>TareaSemana1</ownerDesignName>
<engineerTo>
<item key="8F2E8C71-C5F4-BE5C-E522-4E2E8C63BEED" value="true"/>
</engineerTo>
<useDomainConstraints>false</useDomainConstraints>
<use>1</use>
<logicalDatatype>LOGDT019</logicalDatatype>
<dataTypePrecision>9</dataTypePrecision>
<ownDataTypeParameters>,9,</ownDataTypeParameters>
</Attribute>
<Attribute name="Nombre_Completo" id="1FBAD5E3-9E80-5A31-CD88-85798817236D">
<createdBy>fcord</createdBy>
<createdTime>2025-08-18 23:43:29 UTC</createdTime>
<ownerDesignName>TareaSemana1</ownerDesignName>
<engineerTo>
<item key="8F2E8C71-C5F4-BE5C-E522-4E2E8C63BEED" value="true"/>
</engineerTo>
<useDomainConstraints>false</useDomainConstraints>
<use>1</use>
<logicalDatatype>LOGDT024</logicalDatatype>
<dataTypeSize>1000</dataTypeSize>
<ownDataTypeParameters>1000,,</ownDataTypeParameters>
</Attribute>
<Attribute name="Direccion" id="C61E8D19-CBA8-3FB7-00C8-0ED2CC8FDD35">
<createdBy>fcord</createdBy>
<createdTime>2025-08-18 23:43:37 UTC</createdTime>
<ownerDesignName>TareaSemana1</ownerDesignName>
<engineerTo>
<item key="8F2E8C71-C5F4-BE5C-E522-4E2E8C63BEED" value="true"/>
</engineerTo>
<useDomainConstraints>false</useDomainConstraints>
<use>1</use>
<logicalDatatype>LOGDT024</logicalDatatype>
<dataTypeSize>2000</dataTypeSize>
<ownDataTypeParameters>2000,,</ownDataTypeParameters>
</Attribute>
<Attribute name="Sueldo_base" id="464247B9-0103-973A-DBC9-1529F74771F1">
<createdBy>fcord</createdBy>
<createdTime>2025-08-18 23:43:52 UTC</createdTime>
<ownerDesignName>TareaSemana1</ownerDesignName>
<engineerTo>
<item key="8F2E8C71-C5F4-BE5C-E522-4E2E8C63BEED" value="true"/>
</engineerTo>
<useDomainConstraints>false</useDomainConstraints>
<use>1</use>
<logicalDatatype>LOGDT019</logicalDatatype>
<dataTypePrecision>1000000000</dataTypePrecision>
<ownDataTypeParameters>,1000000000,</ownDataTypeParameters>
</Attribute>
<Attribute name="Fecha_contrato" id="8CB38A66-99B3-6F57-A975-9F846F5D1E1A">
<createdBy>fcord</createdBy>
<createdTime>2025-08-18 23:44:02 UTC</createdTime>
<ownerDesignName>TareaSemana1</ownerDesignName>
<engineerTo>
<item key="8F2E8C71-C5F4-BE5C-E522-4E2E8C63BEED" value="true"/>
</engineerTo>
<useDomainConstraints>false</useDomainConstraints>
<use>1</use>
<logicalDatatype>LOGDT007</logicalDatatype>
<ownDataTypeParameters>,,</ownDataTypeParameters>
</Attribute>
<Attribute name="Genero" id="5F81C438-3C0A-FCDD-FE40-91BFEDA1B419">
<createdBy>fcord</createdBy>
<createdTime>2025-08-18 23:44:13 UTC</createdTime>
<ownerDesignName>TareaSemana1</ownerDesignName>
<engineerTo>
<item key="8F2E8C71-C5F4-BE5C-E522-4E2E8C63BEED" value="true"/>
</engineerTo>
<useDomainConstraints>false</useDomainConstraints>
<use>1</use>
<logicalDatatype>LOGDT025</logicalDatatype>
<dataTypeSize>1000</dataTypeSize>
<ownDataTypeParameters>1000,,</ownDataTypeParameters>
</Attribute>
<Attribute name="Numero_celular" id="0428AA0A-BE4E-BC3D-BD42-7183BB66D5B4">
<createdBy>fcord</createdBy>
<createdTime>2025-08-18 23:44:23 UTC</createdTime>
<ownerDesignName>TareaSemana1</ownerDesignName>
<engineerTo>
<item key="8F2E8C71-C5F4-BE5C-E522-4E2E8C63BEED" value="true"/>
</engineerTo>
<nullsAllowed>true</nullsAllowed>
<useDomainConstraints>false</useDomainConstraints>
<use>1</use>
<logicalDatatype>LOGDT019</logicalDatatype>
<dataTypePrecision>1000</dataTypePrecision>
<ownDataTypeParameters>,1000,</ownDataTypeParameters>
</Attribute>
</attributes>
<identifiers itemClass="oracle.dbtools.crest.model.design.logical.CandidateKey">
<identifier id="4FF75466-B068-246D-8D0E-A7ACCFCA0422" name="Empleado PK">
<createdBy>fcord</createdBy>
<createdTime>2025-08-18 23:43:27 UTC</createdTime>
<ownerDesignName>TareaSemana1</ownerDesignName>
<engineerTo>
<item key="8F2E8C71-C5F4-BE5C-E522-4E2E8C63BEED" value="true"/>
</engineerTo>
<pk>true</pk>
</identifier>
</identifiers>
</Entity>