<?xml version = '1.0' encoding = 'UTF-8'?>
<Entity class="oracle.dbtools.crest.model.design.logical.Entity" directorySegmentName="seg_0" id="F4F482B6-30C9-8E65-DEBE-B312804A3A8B" name="Pasajero">
<createdBy>fcord</createdBy>
<createdTime>2025-08-18 23:36:41 UTC</createdTime>
<ownerDesignName>TareaSemana1</ownerDesignName>
<engineerTo>
<item key="8F2E8C71-C5F4-BE5C-E522-4E2E8C63BEED" value="true"/>
</engineerTo>
<adequatelyNormalized>NO</adequatelyNormalized>
<expectedVolumes>0</expectedVolumes>
<fwdEngineeringStrategyName>Single Table</fwdEngineeringStrategyName>
<growthPercent>0</growthPercent>
<growthType>Year</growthType>
<maxVolumes>9999999</maxVolumes>
<minVolumes>0</minVolumes>
<normalForm>Third</normalForm>
<attributes itemClass="oracle.dbtools.crest.model.design.logical.Attribute">
<Attribute name="num_pasaporte o rut" id="D9F66EE6-F66B-05FE-819B-5CAE7A336C06">
<createdBy>fcord</createdBy>
<createdTime>2025-08-18 23:37:44 UTC</createdTime>
<ownerDesignName>TareaSemana1</ownerDesignName>
<engineerTo>
<item key="8F2E8C71-C5F4-BE5C-E522-4E2E8C63BEED" value="true"/>
</engineerTo>
<useDomainConstraints>false</useDomainConstraints>
<use>1</use>
<logicalDatatype>LOGDT019</logicalDatatype>
<dataTypePrecision>1000</dataTypePrecision>
<ownDataTypeParameters>,1000,</ownDataTypeParameters>
</Attribute>
<Attribute name="Nombre_Completo" id="AA5A4EA1-E835-227B-2228-3F1927AC5C2B">
<createdBy>fcord</createdBy>
<createdTime>2025-08-18 23:41:08 UTC</createdTime>
<ownerDesignName>TareaSemana1</ownerDesignName>
<engineerTo>
<item key="8F2E8C71-C5F4-BE5C-E522-4E2E8C63BEED" value="true"/>
</engineerTo>
<useDomainConstraints>false</useDomainConstraints>
<use>1</use>
<logicalDatatype>LOGDT024</logicalDatatype>
<dataTypeSize>1000</dataTypeSize>
<ownDataTypeParameters>1000,,</ownDataTypeParameters>
</Attribute>
<Attribute name="Fecha_Nacimiento" id="3B257E72-D602-E205-CA66-679DEE586827">
<createdBy>fcord</createdBy>
<createdTime>2025-08-18 23:41:39 UTC</createdTime>
<ownerDesignName>TareaSemana1</ownerDesignName>
<engineerTo>
<item key="8F2E8C71-C5F4-BE5C-E522-4E2E8C63BEED" value="true"/>
</engineerTo>
<useDomainConstraints>false</useDomainConstraints>
<use>1</use>
<logicalDatatype>LOGDT007</logicalDatatype>
<ownDataTypeParameters>,,</ownDataTypeParameters>
</Attribute>
<Attribute name="Nacionalidad" id="A1A23FDA-84E2-5B4E-CD9B-FA7A7A9D60C3">
<createdBy>fcord</createdBy>
<createdTime>2025-08-18 23:41:58 UTC</createdTime>
<ownerDesignName>TareaSemana1</ownerDesignName>
<engineerTo>
<item key="8F2E8C71-C5F4-BE5C-E522-4E2E8C63BEED" value="true"/>
</engineerTo>
<useDomainConstraints>false</useDomainConstraints>
<use>1</use>
<logicalDatatype>LOGDT025</logicalDatatype>
<ownDataTypeParameters>,,</ownDataTypeParameters>
</Attribute>
<Attribute name="numero_telefono" id="2F1E58A1-0358-5050-45EE-E78D549F45B3">
<createdBy>fcord</createdBy>
<createdTime>2025-08-18 23:42:06 UTC</createdTime>
<ownerDesignName>TareaSemana1</ownerDesignName>
<engineerTo>
<item key="8F2E8C71-C5F4-BE5C-E522-4E2E8C63BEED" value="true"/>
</engineerTo>
<nullsAllowed>true</nullsAllowed>
<useDomainConstraints>false</useDomainConstraints>
<use>1</use>
<logicalDatatype>LOGDT019</logicalDatatype>
<dataTypePrecision>1000</dataTypePrecision>
<ownDataTypeParameters>,1000,</ownDataTypeParameters>
</Attribute>
</attributes>
<identifiers itemClass="oracle.dbtools.crest.model.design.logical.CandidateKey">
<identifier id="1652B3F5-DC47-5E1B-AFEB-1FE91C33BDC8" name="Pasajero PK">
<createdBy>fcord</createdBy>
<createdTime>2025-08-18 23:40:54 UTC</createdTime>
<ownerDesignName>TareaSemana1</ownerDesignName>
<engineerTo>
<item key="8F2E8C71-C5F4-BE5C-E522-4E2E8C63BEED" value="true"/>
</engineerTo>
<pk>true</pk>
<usedAttributes>
<attributeRef>D9F66EE6-F66B-05FE-819B-5CAE7A336C06</attributeRef>
</usedAttributes>
</identifier>
</identifiers>
</Entity>