<?xml version = '1.0' encoding = 'UTF-8'?>
<relationalModel class="oracle.dbtools.crest.model.design.relational.RelationalDesign" name="Relational_1" id="70D65689-C95F-D44C-D84E-066373F7CF47" mainViewID="7BD874F7-78D2-7EA6-7A40-3711886C87F9">
<createdBy>fcord</createdBy>
<createdTime>2025-09-15 22:59:42 UTC</createdTime>
<ownerDesignName>modelo_relacional</ownerDesignName>
<shouldBeOpen>false</shouldBeOpen>
<selectedRDBMSSite>32076570-2523-435C-2E92-BF29817DFF70</selectedRDBMSSite>
</relationalModel>