<?xml version = '1.0' encoding = 'UTF-8'?>
<Entity class="oracle.dbtools.crest.model.design.logical.Entity" directorySegmentName="seg_0" id="1710031C-6AD2-233B-8AD2-04F36807557A" name="Atencion_medica">
<createdBy>fcord</createdBy>
<createdTime>2025-09-15 23:31:10 UTC</createdTime>
<ownerDesignName>MER-E</ownerDesignName>
<engineerTo>
<item key="70D65689-C95F-D44C-D84E-066373F7CF47" value="true"/>
</engineerTo>
<adequatelyNormalized>NO</adequatelyNormalized>
<expectedVolumes>0</expectedVolumes>
<fwdEngineeringStrategyName>Single Table</fwdEngineeringStrategyName>
<growthPercent>0</growthPercent>
<growthType>Year</growthType>
<maxVolumes>9999999</maxVolumes>
<minVolumes>0</minVolumes>
<normalForm>Third</normalForm>
<attributes itemClass="oracle.dbtools.crest.model.design.logical.Attribute">
<Attribute name="id_atencion" id="A0659C5E-4FF9-D9B2-9504-E445EA33BBF8">
<createdBy>fcord</createdBy>
<createdTime>2025-09-15 23:31:18 UTC</createdTime>
<ownerDesignName>MER-E</ownerDesignName>
<engineerTo>
<item key="70D65689-C95F-D44C-D84E-066373F7CF47" value="true"/>
</engineerTo>
<useDomainConstraints>false</useDomainConstraints>
<use>1</use>
<logicalDatatype>LOGDT019</logicalDatatype>
<dataTypePrecision>20</dataTypePrecision>
<ownDataTypeParameters>,20,</ownDataTypeParameters>
</Attribute>
<Attribute name="fecha" id="69F7CF6E-C321-B273-D8FE-379E5FF64E6F">
<createdBy>fcord</createdBy>
<createdTime>2025-09-15 23:31:40 UTC</createdTime>
<ownerDesignName>MER-E</ownerDesignName>
<engineerTo>
<item key="70D65689-C95F-D44C-D84E-066373F7CF47" value="true"/>
</engineerTo>
<useDomainConstraints>false</useDomainConstraints>
<use>1</use>
<logicalDatatype>LOGDT007</logicalDatatype>
<ownDataTypeParameters>,,</ownDataTypeParameters>
</Attribute>
<Attribute name="tipo_atencion" id="F9D44BD1-3E7A-49EE-0FDA-357CE77B9FAE">
<createdBy>fcord</createdBy>
<createdTime>2025-09-15 23:31:53 UTC</createdTime>
<ownerDesignName>MER-E</ownerDesignName>
<engineerTo>
<item key="70D65689-C95F-D44C-D84E-066373F7CF47" value="true"/>
</engineerTo>
<useDomainConstraints>false</useDomainConstraints>
<use>1</use>
<logicalDatatype>LOGDT024</logicalDatatype>
<dataTypeSize>10</dataTypeSize>
<ownDataTypeParameters>10,,</ownDataTypeParameters>
</Attribute>
<Attribute name="diagnostico" id="F1C619E1-EF01-07D4-DE55-293A01C03CAD">
<createdBy>fcord</createdBy>
<createdTime>2025-09-15 23:32:17 UTC</createdTime>
<ownerDesignName>MER-E</ownerDesignName>
<engineerTo>
<item key="70D65689-C95F-D44C-D84E-066373F7CF47" value="true"/>
</engineerTo>
<useDomainConstraints>false</useDomainConstraints>
<use>1</use>
<logicalDatatype>LOGDT024</logicalDatatype>
<dataTypeSize>100</dataTypeSize>
<ownDataTypeParameters>100,,</ownDataTypeParameters>
</Attribute>
<Attribute name="modalidad" id="C239DB91-1471-A410-89AE-58BF63EE1C06">
<createdBy>fcord</createdBy>
<createdTime>2025-09-15 23:32:31 UTC</createdTime>
<ownerDesignName>MER-E</ownerDesignName>
<engineerTo>
<item key="70D65689-C95F-D44C-D84E-066373F7CF47" value="true"/>
</engineerTo>
<useDomainConstraints>false</useDomainConstraints>
<use>1</use>
<logicalDatatype>LOGDT024</logicalDatatype>
<dataTypeSize>10</dataTypeSize>
<ownDataTypeParameters>10,,</ownDataTypeParameters>
</Attribute>
<Attribute name="rut_paciente" id="89082AD4-173C-1EF4-6D28-489B4160783B">
<createdBy>fcord</createdBy>
<createdTime>2025-09-15 23:48:37 UTC</createdTime>
<generatorID>6F9DC34E-3EFC-EEF4-120B-F67D9EAF9058</generatorID>
<ownerDesignName>MER-E</ownerDesignName>
<engineerTo>
<item key="70D65689-C95F-D44C-D84E-066373F7CF47" value="true"/>
</engineerTo>
<referedAttribute>037B3321-BEF9-53F6-A1DF-ACC78BC50548</referedAttribute>
<useDomainConstraints>false</useDomainConstraints>
<use>1</use>
<logicalDatatype>LOGDT019</logicalDatatype>
<dataTypePrecision>9</dataTypePrecision>
<ownDataTypeParameters>,,</ownDataTypeParameters>
</Attribute>
<Attribute name="rut_medico" id="E8D0CA3C-4E2D-12AA-A7B3-8F4654494934">
<createdBy>fcord</createdBy>
<createdTime>2025-09-16 00:13:48 UTC</createdTime>
<generatorID>34817621-3CA3-9EA2-B0D0-EDA0B22F6C00</generatorID>
<ownerDesignName>MER-E</ownerDesignName>
<engineerTo>
<item key="70D65689-C95F-D44C-D84E-066373F7CF47" value="true"/>
</engineerTo>
<referedAttribute>3AE3DDA6-853F-C4F0-02E8-55136C806D17</referedAttribute>
<useDomainConstraints>false</useDomainConstraints>
<use>1</use>
<logicalDatatype>LOGDT019</logicalDatatype>
<dataTypePrecision>9</dataTypePrecision>
<ownDataTypeParameters>,,</ownDataTypeParameters>
</Attribute>
<Attribute name="id_afp" id="3DF2057F-8D70-34E0-E76A-E32EF9A930DF">
<createdBy>fcord</createdBy>
<createdTime>2025-09-16 00:13:48 UTC</createdTime>
<generatorID>34817621-3CA3-9EA2-B0D0-EDA0B22F6C00</generatorID>
<ownerDesignName>MER-E</ownerDesignName>
<engineerTo>
<item key="70D65689-C95F-D44C-D84E-066373F7CF47" value="true"/>
</engineerTo>
<referedAttribute>92DBA4E9-6972-E96A-3089-F4E51EEDDAC7</referedAttribute>
<useDomainConstraints>false</useDomainConstraints>
<use>1</use>
<logicalDatatype>LOGDT019</logicalDatatype>
<dataTypePrecision>10</dataTypePrecision>
<ownDataTypeParameters>,,</ownDataTypeParameters>
</Attribute>
</attributes>
<identifiers itemClass="oracle.dbtools.crest.model.design.logical.CandidateKey">
<identifier id="210DC21E-264D-28F4-906B-5CA5C410BA19" name="Atencion_medica PK">
<createdBy>fcord</createdBy>
<createdTime>2025-09-15 23:31:20 UTC</createdTime>
<ownerDesignName>MER-E</ownerDesignName>
<engineerTo>
<item key="70D65689-C95F-D44C-D84E-066373F7CF47" value="true"/>
</engineerTo>
<pk>true</pk>
<usedAttributes>
<attributeRef>A0659C5E-4FF9-D9B2-9504-E445EA33BBF8</attributeRef>
<attributeRef>89082AD4-173C-1EF4-6D28-489B4160783B</attributeRef>
</usedAttributes>
</identifier>
</identifiers>
</Entity>