<?xml version = '1.0' encoding = 'UTF-8'?>
<Entity class="oracle.dbtools.crest.model.design.logical.Entity" directorySegmentName="seg_0" id="4344F24F-1E09-2895-39E8-DCADCFF28A42" name="Unidad_atencion">
<createdBy>fcord</createdBy>
<createdTime>2025-09-15 23:24:54 UTC</createdTime>
<ownerDesignName>MER-E</ownerDesignName>
<engineerTo>
<item key="70D65689-C95F-D44C-D84E-066373F7CF47" value="true"/>
</engineerTo>
<adequatelyNormalized>NO</adequatelyNormalized>
<expectedVolumes>0</expectedVolumes>
<fwdEngineeringStrategyName>Single Table</fwdEngineeringStrategyName>
<growthPercent>0</growthPercent>
<growthType>Year</growthType>
<maxVolumes>9999999</maxVolumes>
<minVolumes>0</minVolumes>
<normalForm>Third</normalForm>
<attributes itemClass="oracle.dbtools.crest.model.design.logical.Attribute">
<Attribute name="id_unidad" id="6CF8B0E1-0CCF-0EAB-FC89-0D2E3FBD5317">
<createdBy>fcord</createdBy>
<createdTime>2025-09-15 23:25:06 UTC</createdTime>
<ownerDesignName>MER-E</ownerDesignName>
<engineerTo>
<item key="70D65689-C95F-D44C-D84E-066373F7CF47" value="true"/>
</engineerTo>
<useDomainConstraints>false</useDomainConstraints>
<use>1</use>
<logicalDatatype>LOGDT019</logicalDatatype>
<dataTypePrecision>100</dataTypePrecision>
<ownDataTypeParameters>,100,</ownDataTypeParameters>
</Attribute>
<Attribute name="nombre_unidad" id="F3FBEB25-D77B-E739-D7D4-BAA5F76BF279">
<createdBy>fcord</createdBy>
<createdTime>2025-09-15 23:25:50 UTC</createdTime>
<ownerDesignName>MER-E</ownerDesignName>
<engineerTo>
<item key="70D65689-C95F-D44C-D84E-066373F7CF47" value="true"/>
</engineerTo>
<useDomainConstraints>false</useDomainConstraints>
<use>1</use>
<logicalDatatype>LOGDT024</logicalDatatype>
<dataTypeSize>100</dataTypeSize>
<ownDataTypeParameters>100,,</ownDataTypeParameters>
</Attribute>
</attributes>
<identifiers itemClass="oracle.dbtools.crest.model.design.logical.CandidateKey">
<identifier id="14CE1EDF-5E49-79A5-C673-349F74601274" name="Unidad_atencion PK">
<createdBy>fcord</createdBy>
<createdTime>2025-09-15 23:25:08 UTC</createdTime>
<ownerDesignName>MER-E</ownerDesignName>
<engineerTo>
<item key="70D65689-C95F-D44C-D84E-066373F7CF47" value="true"/>
</engineerTo>
<pk>true</pk>
<usedAttributes>
<attributeRef>6CF8B0E1-0CCF-0EAB-FC89-0D2E3FBD5317</attributeRef>
</usedAttributes>
</identifier>
</identifiers>
</Entity>