<?xml version = '1.0' encoding = 'UTF-8'?>
<Entity class="oracle.dbtools.crest.model.design.logical.Entity" directorySegmentName="seg_0" id="A02E0AF5-EBAA-733D-360D-DB705D6DB20B" name="Medico">
<createdBy>fcord</createdBy>
<createdTime>2025-09-15 23:29:33 UTC</createdTime>
<ownerDesignName>MER-E</ownerDesignName>
<engineerTo>
<item key="70D65689-C95F-D44C-D84E-066373F7CF47" value="true"/>
</engineerTo>
<adequatelyNormalized>NO</adequatelyNormalized>
<expectedVolumes>0</expectedVolumes>
<fwdEngineeringStrategyName>Single Table</fwdEngineeringStrategyName>
<growthPercent>0</growthPercent>
<growthType>Year</growthType>
<maxVolumes>9999999</maxVolumes>
<minVolumes>0</minVolumes>
<normalForm>Third</normalForm>
<attributes itemClass="oracle.dbtools.crest.model.design.logical.Attribute">
<Attribute name="rut_medico" id="3AE3DDA6-853F-C4F0-02E8-55136C806D17">
<createdBy>fcord</createdBy>
<createdTime>2025-09-15 23:29:41 UTC</createdTime>
<ownerDesignName>MER-E</ownerDesignName>
<engineerTo>
<item key="70D65689-C95F-D44C-D84E-066373F7CF47" value="true"/>
</engineerTo>
<useDomainConstraints>false</useDomainConstraints>
<use>1</use>
<logicalDatatype>LOGDT019</logicalDatatype>
<dataTypePrecision>9</dataTypePrecision>
<ownDataTypeParameters>,9,</ownDataTypeParameters>
</Attribute>
<Attribute name="nombre_completo" id="039568F4-CE37-77BB-1D4E-AC0B3B08D2DD">
<createdBy>fcord</createdBy>
<createdTime>2025-09-15 23:30:02 UTC</createdTime>
<ownerDesignName>MER-E</ownerDesignName>
<engineerTo>
<item key="70D65689-C95F-D44C-D84E-066373F7CF47" value="true"/>
</engineerTo>
<useDomainConstraints>false</useDomainConstraints>
<use>1</use>
<logicalDatatype>LOGDT024</logicalDatatype>
<dataTypeSize>100</dataTypeSize>
<ownDataTypeParameters>100,,</ownDataTypeParameters>
</Attribute>
<Attribute name="fecha_ingreso" id="C87983B8-5032-4B09-8E9E-BCF3A61BD1A9">
<createdBy>fcord</createdBy>
<createdTime>2025-09-15 23:30:17 UTC</createdTime>
<ownerDesignName>MER-E</ownerDesignName>
<engineerTo>
<item key="70D65689-C95F-D44C-D84E-066373F7CF47" value="true"/>
</engineerTo>
<useDomainConstraints>false</useDomainConstraints>
<use>1</use>
<logicalDatatype>LOGDT007</logicalDatatype>
<ownDataTypeParameters>,,</ownDataTypeParameters>
</Attribute>
<Attribute name="id_especialidad" id="A8739997-73E4-66DD-2073-B755933ECAFF">
<createdBy>fcord</createdBy>
<createdTime>2025-09-15 23:46:24 UTC</createdTime>
<generatorID>BEF71FCA-0327-5DFA-3EB8-154A735C68F0</generatorID>
<ownerDesignName>MER-E</ownerDesignName>
<engineerTo>
<item key="70D65689-C95F-D44C-D84E-066373F7CF47" value="true"/>
</engineerTo>
<referedAttribute>710FCF56-6EBE-E669-7E5D-2C93B81451C6</referedAttribute>
<useDomainConstraints>false</useDomainConstraints>
<use>1</use>
<logicalDatatype>LOGDT019</logicalDatatype>
<dataTypePrecision>10</dataTypePrecision>
<ownDataTypeParameters>,,</ownDataTypeParameters>
</Attribute>
<Attribute name="id_afp" id="92DBA4E9-6972-E96A-3089-F4E51EEDDAC7">
<createdBy>fcord</createdBy>
<createdTime>2025-09-15 23:47:35 UTC</createdTime>
<generatorID>FFBBDF4C-AE17-C0C0-8932-BA47C91DEB8F</generatorID>
<ownerDesignName>MER-E</ownerDesignName>
<engineerTo>
<item key="70D65689-C95F-D44C-D84E-066373F7CF47" value="true"/>
</engineerTo>
<referedAttribute>769D9912-7846-DEC1-12FF-F72DE299D755</referedAttribute>
<useDomainConstraints>false</useDomainConstraints>
<use>1</use>
<logicalDatatype>LOGDT019</logicalDatatype>
<dataTypePrecision>10</dataTypePrecision>
<ownDataTypeParameters>,,</ownDataTypeParameters>
</Attribute>
<Attribute name="id_inst_salud" id="4F2FF789-88BE-9132-D2B9-3B9108937262">
<createdBy>fcord</createdBy>
<createdTime>2025-09-15 23:48:07 UTC</createdTime>
<generatorID>7397B6C3-9E3D-07DA-DE03-D71FB2AE66B6</generatorID>
<ownerDesignName>MER-E</ownerDesignName>
<engineerTo>
<item key="70D65689-C95F-D44C-D84E-066373F7CF47" value="true"/>
</engineerTo>
<referedAttribute>DEF24BF1-B38B-3CC1-0045-E727B697EB5E</referedAttribute>
<useDomainConstraints>false</useDomainConstraints>
<use>1</use>
<logicalDatatype>LOGDT019</logicalDatatype>
<dataTypePrecision>10</dataTypePrecision>
<ownDataTypeParameters>,,</ownDataTypeParameters>
</Attribute>
<Attribute name="id_unidad" id="EA2AD9E0-FB67-6C28-8A85-D1D5E2FFD6E5">
<createdBy>fcord</createdBy>
<createdTime>2025-09-16 00:13:08 UTC</createdTime>
<generatorID>A76412E3-C180-6902-B86F-9A5930D02FDC</generatorID>
<ownerDesignName>MER-E</ownerDesignName>
<engineerTo>
<item key="70D65689-C95F-D44C-D84E-066373F7CF47" value="true"/>
</engineerTo>
<referedAttribute>6CF8B0E1-0CCF-0EAB-FC89-0D2E3FBD5317</referedAttribute>
<useDomainConstraints>false</useDomainConstraints>
<use>1</use>
<logicalDatatype>LOGDT019</logicalDatatype>
<dataTypePrecision>100</dataTypePrecision>
<ownDataTypeParameters>,,</ownDataTypeParameters>
</Attribute>
<Attribute name="rut_supervisor" id="049A3626-BD9B-631C-4B0A-F12ABC9C3B8D">
<createdBy>fcord</createdBy>
<createdTime>2025-09-16 00:24:30 UTC</createdTime>
<ownerDesignName>MER-E</ownerDesignName>
<engineerTo>
<item key="70D65689-C95F-D44C-D84E-066373F7CF47" value="true"/>
</engineerTo>
<nullsAllowed>true</nullsAllowed>
<useDomainConstraints>false</useDomainConstraints>
<use>1</use>
<logicalDatatype>LOGDT019</logicalDatatype>
<dataTypePrecision>9</dataTypePrecision>
<ownDataTypeParameters>,9,</ownDataTypeParameters>
</Attribute>
<Attribute name="rut_medico1" id="19AF4EB2-DD1F-7BFE-77EE-5E4CFA74EEB9">
<createdBy>fcord</createdBy>
<createdTime>2025-09-16 00:25:38 UTC</createdTime>
<generatorID>3886DA6F-5A7B-CF05-BAE8-C23A2DCAA09F</generatorID>
<ownerDesignName>MER-E</ownerDesignName>
<engineerTo>
<item key="70D65689-C95F-D44C-D84E-066373F7CF47" value="true"/>
</engineerTo>
<nullsAllowed>true</nullsAllowed>
<referedAttribute>3AE3DDA6-853F-C4F0-02E8-55136C806D17</referedAttribute>
<useDomainConstraints>false</useDomainConstraints>
<use>1</use>
<logicalDatatype>LOGDT019</logicalDatatype>
<dataTypePrecision>9</dataTypePrecision>
<ownDataTypeParameters>,,</ownDataTypeParameters>
</Attribute>
<Attribute name="id_afp1" id="84079F1B-614B-1619-A710-23D31FBF4C73">
<createdBy>fcord</createdBy>
<createdTime>2025-09-16 00:25:38 UTC</createdTime>
<generatorID>3886DA6F-5A7B-CF05-BAE8-C23A2DCAA09F</generatorID>
<ownerDesignName>MER-E</ownerDesignName>
<engineerTo>
<item key="70D65689-C95F-D44C-D84E-066373F7CF47" value="true"/>
</engineerTo>
<nullsAllowed>true</nullsAllowed>
<referedAttribute>92DBA4E9-6972-E96A-3089-F4E51EEDDAC7</referedAttribute>
<useDomainConstraints>false</useDomainConstraints>
<use>1</use>
<logicalDatatype>LOGDT019</logicalDatatype>
<dataTypePrecision>10</dataTypePrecision>
<ownDataTypeParameters>,,</ownDataTypeParameters>
</Attribute>
</attributes>
<identifiers itemClass="oracle.dbtools.crest.model.design.logical.CandidateKey">
<identifier id="B57097FC-A137-9D2F-B1DD-144AC42C2235" name="Medico PK">
<createdBy>fcord</createdBy>
<createdTime>2025-09-15 23:30:02 UTC</createdTime>
<ownerDesignName>MER-E</ownerDesignName>
<engineerTo>
<item key="70D65689-C95F-D44C-D84E-066373F7CF47" value="true"/>
</engineerTo>
<pk>true</pk>
<usedAttributes>
<attributeRef>3AE3DDA6-853F-C4F0-02E8-55136C806D17</attributeRef>
<attributeRef>92DBA4E9-6972-E96A-3089-F4E51EEDDAC7</attributeRef>
</usedAttributes>
</identifier>
</identifiers>
</Entity>