<?xml version = '1.0' encoding = 'UTF-8'?>
<Entity class="oracle.dbtools.crest.model.design.logical.Entity" directorySegmentName="seg_0" id="FA78E6A9-F3BE-D8D6-3C89-63F70D3883CF" name="Pago">
<createdBy>fcord</createdBy>
<createdTime>2025-09-15 23:33:25 UTC</createdTime>
<ownerDesignName>MER-E</ownerDesignName>
<engineerTo>
<item key="70D65689-C95F-D44C-D84E-066373F7CF47" value="true"/>
</engineerTo>
<adequatelyNormalized>NO</adequatelyNormalized>
<expectedVolumes>0</expectedVolumes>
<fwdEngineeringStrategyName>Single Table</fwdEngineeringStrategyName>
<growthPercent>0</growthPercent>
<growthType>Year</growthType>
<maxVolumes>9999999</maxVolumes>
<minVolumes>0</minVolumes>
<normalForm>Third</normalForm>
<attributes itemClass="oracle.dbtools.crest.model.design.logical.Attribute">
<Attribute name="id_pago" id="BE3ACFFE-0E46-C299-4A99-5140DCDB9B53">
<createdBy>fcord</createdBy>
<createdTime>2025-09-15 23:33:41 UTC</createdTime>
<ownerDesignName>MER-E</ownerDesignName>
<engineerTo>
<item key="70D65689-C95F-D44C-D84E-066373F7CF47" value="true"/>
</engineerTo>
<useDomainConstraints>false</useDomainConstraints>
<use>1</use>
<logicalDatatype>LOGDT019</logicalDatatype>
<dataTypePrecision>20</dataTypePrecision>
<ownDataTypeParameters>,20,</ownDataTypeParameters>
</Attribute>
<Attribute name="monto_cancelado" id="F29AF62E-0115-C06B-34C0-DBCA27C4EA40">
<createdBy>fcord</createdBy>
<createdTime>2025-09-15 23:34:09 UTC</createdTime>
<ownerDesignName>MER-E</ownerDesignName>
<engineerTo>
<item key="70D65689-C95F-D44C-D84E-066373F7CF47" value="true"/>
</engineerTo>
<useDomainConstraints>false</useDomainConstraints>
<use>1</use>
<logicalDatatype>LOGDT019</logicalDatatype>
<dataTypePrecision>10</dataTypePrecision>
<ownDataTypeParameters>,10,</ownDataTypeParameters>
</Attribute>
<Attribute name="tipo_pago" id="5838639E-177C-566F-C8D3-7D93981ECE32">
<createdBy>fcord</createdBy>
<createdTime>2025-09-15 23:34:28 UTC</createdTime>
<ownerDesignName>MER-E</ownerDesignName>
<engineerTo>
<item key="70D65689-C95F-D44C-D84E-066373F7CF47" value="true"/>
</engineerTo>
<useDomainConstraints>false</useDomainConstraints>
<use>1</use>
<logicalDatatype>LOGDT024</logicalDatatype>
<dataTypeSize>20</dataTypeSize>
<ownDataTypeParameters>20,,</ownDataTypeParameters>
</Attribute>
<Attribute name="fecha_pago" id="9B4CA506-49A7-22CC-8CFA-1DB1DFE7B7E3">
<createdBy>fcord</createdBy>
<createdTime>2025-09-15 23:34:42 UTC</createdTime>
<ownerDesignName>MER-E</ownerDesignName>
<engineerTo>
<item key="70D65689-C95F-D44C-D84E-066373F7CF47" value="true"/>
</engineerTo>
<useDomainConstraints>false</useDomainConstraints>
<use>1</use>
<logicalDatatype>LOGDT007</logicalDatatype>
<ownDataTypeParameters>,,</ownDataTypeParameters>
</Attribute>
<Attribute name="id_atencion" id="BD47A8A5-1121-8C81-5816-AE82E5537A02">
<createdBy>fcord</createdBy>
<createdTime>2025-09-16 00:17:01 UTC</createdTime>
<generatorID>3DCE0E37-8776-FCA1-1ACD-88CBB9EBD132</generatorID>
<ownerDesignName>MER-E</ownerDesignName>
<engineerTo>
<item key="70D65689-C95F-D44C-D84E-066373F7CF47" value="true"/>
</engineerTo>
<referedAttribute>A0659C5E-4FF9-D9B2-9504-E445EA33BBF8</referedAttribute>
<useDomainConstraints>false</useDomainConstraints>
<use>1</use>
<logicalDatatype>LOGDT019</logicalDatatype>
<dataTypePrecision>20</dataTypePrecision>
<ownDataTypeParameters>,,</ownDataTypeParameters>
</Attribute>
<Attribute name="rut_paciente" id="99D6471D-F4C5-9ED7-8613-772C16AE330A">
<createdBy>fcord</createdBy>
<createdTime>2025-09-16 00:17:01 UTC</createdTime>
<generatorID>3DCE0E37-8776-FCA1-1ACD-88CBB9EBD132</generatorID>
<ownerDesignName>MER-E</ownerDesignName>
<engineerTo>
<item key="70D65689-C95F-D44C-D84E-066373F7CF47" value="true"/>
</engineerTo>
<referedAttribute>89082AD4-173C-1EF4-6D28-489B4160783B</referedAttribute>
<useDomainConstraints>false</useDomainConstraints>
<use>1</use>
<logicalDatatype>LOGDT019</logicalDatatype>
<dataTypePrecision>9</dataTypePrecision>
<ownDataTypeParameters>,,</ownDataTypeParameters>
</Attribute>
</attributes>
<identifiers itemClass="oracle.dbtools.crest.model.design.logical.CandidateKey">
<identifier id="3DBB8298-C6EA-EA98-8282-429E0E3F47A7" name="Pago PK">
<createdBy>fcord</createdBy>
<createdTime>2025-09-15 23:34:05 UTC</createdTime>
<ownerDesignName>MER-E</ownerDesignName>
<engineerTo>
<item key="70D65689-C95F-D44C-D84E-066373F7CF47" value="true"/>
</engineerTo>
<pk>true</pk>
<usedAttributes>
<attributeRef>BE3ACFFE-0E46-C299-4A99-5140DCDB9B53</attributeRef>
</usedAttributes>
</identifier>
</identifiers>
</Entity>