<?xml version = '1.0' encoding = 'UTF-8'?>
<Entity class="oracle.dbtools.crest.model.design.logical.Entity" directorySegmentName="seg_0" id="3EC2BF1F-F4B9-9B56-FCD1-D1F81A1C11C6" name="Comuna">
<createdBy>fcord</createdBy>
<createdTime>2025-09-15 23:10:01 UTC</createdTime>
<ownerDesignName>modelo_relacional</ownerDesignName>
<engineerTo>
<item key="70D65689-C95F-D44C-D84E-066373F7CF47" value="true"/>
</engineerTo>
<adequatelyNormalized>NO</adequatelyNormalized>
<expectedVolumes>0</expectedVolumes>
<fwdEngineeringStrategyName>Single Table</fwdEngineeringStrategyName>
<growthPercent>0</growthPercent>
<growthType>Year</growthType>
<maxVolumes>9999999</maxVolumes>
<minVolumes>0</minVolumes>
<normalForm>Third</normalForm>
<attributes itemClass="oracle.dbtools.crest.model.design.logical.Attribute">
<Attribute name="id_comuna" id="FC9C284D-0F7C-9DF4-1B42-C53369ED23A4">
<createdBy>fcord</createdBy>
<createdTime>2025-09-15 23:10:10 UTC</createdTime>
<ownerDesignName>modelo_relacional</ownerDesignName>
<engineerTo>
<item key="70D65689-C95F-D44C-D84E-066373F7CF47" value="true"/>
</engineerTo>
<useDomainConstraints>false</useDomainConstraints>
<use>1</use>
<logicalDatatype>LOGDT019</logicalDatatype>
<ownDataTypeParameters>,,</ownDataTypeParameters>
</Attribute>
<Attribute name="nombre_comuna" id="94CFD195-8824-91DD-D28D-7ED341B69F46">
<createdBy>fcord</createdBy>
<createdTime>2025-09-15 23:11:36 UTC</createdTime>
<ownerDesignName>modelo_relacional</ownerDesignName>
<engineerTo>
<item key="70D65689-C95F-D44C-D84E-066373F7CF47" value="true"/>
</engineerTo>
<useDomainConstraints>false</useDomainConstraints>
<use>1</use>
<logicalDatatype>LOGDT024</logicalDatatype>
<dataTypeSize>20</dataTypeSize>
<ownDataTypeParameters>20,,</ownDataTypeParameters>
</Attribute>
<Attribute name="id_region" id="8E3F4296-648C-0AB1-17B7-572D001322FF">
<createdBy>fcord</createdBy>
<createdTime>2025-09-15 23:45:23 UTC</createdTime>
<generatorID>30C24F98-93B2-4D4F-2B8F-2ADD346A91DE</generatorID>
<ownerDesignName>modelo_relacional</ownerDesignName>
<engineerTo>
<item key="70D65689-C95F-D44C-D84E-066373F7CF47" value="true"/>
</engineerTo>
<referedAttribute>8DFD9AC0-290D-60E2-D87F-11F1F678161C</referedAttribute>
<useDomainConstraints>false</useDomainConstraints>
<use>1</use>
<logicalDatatype>LOGDT019</logicalDatatype>
<ownDataTypeParameters>,,</ownDataTypeParameters>
</Attribute>
</attributes>
<identifiers itemClass="oracle.dbtools.crest.model.design.logical.CandidateKey">
<identifier id="4D56616A-3C19-D00B-228E-47C81E0F0885" name="Comuna PK">
<createdBy>fcord</createdBy>
<createdTime>2025-09-15 23:11:17 UTC</createdTime>
<ownerDesignName>modelo_relacional</ownerDesignName>
<engineerTo>
<item key="70D65689-C95F-D44C-D84E-066373F7CF47" value="true"/>
</engineerTo>
<pk>true</pk>
<usedAttributes>
<attributeRef>FC9C284D-0F7C-9DF4-1B42-C53369ED23A4</attributeRef>
</usedAttributes>
</identifier>
</identifiers>
</Entity>