<?xml version = '1.0' encoding = 'UTF-8'?>
<Entity class="oracle.dbtools.crest.model.design.logical.Entity" directorySegmentName="seg_0" id="6B264718-062D-CEC7-F8B3-C7F28A5FB502" name="AFP">
<createdBy>fcord</createdBy>
<createdTime>2025-09-15 23:26:12 UTC</createdTime>
<ownerDesignName>modelo_relacional</ownerDesignName>
<engineerTo>
<item key="70D65689-C95F-D44C-D84E-066373F7CF47" value="true"/>
</engineerTo>
<adequatelyNormalized>NO</adequatelyNormalized>
<expectedVolumes>0</expectedVolumes>
<fwdEngineeringStrategyName>Single Table</fwdEngineeringStrategyName>
<growthPercent>0</growthPercent>
<growthType>Year</growthType>
<maxVolumes>9999999</maxVolumes>
<minVolumes>0</minVolumes>
<normalForm>Third</normalForm>
<attributes itemClass="oracle.dbtools.crest.model.design.logical.Attribute">
<Attribute name="id_afp" id="769D9912-7846-DEC1-12FF-F72DE299D755">
<createdBy>fcord</createdBy>
<createdTime>2025-09-15 23:26:16 UTC</createdTime>
<ownerDesignName>modelo_relacional</ownerDesignName>
<engineerTo>
<item key="70D65689-C95F-D44C-D84E-066373F7CF47" value="true"/>
</engineerTo>
<useDomainConstraints>false</useDomainConstraints>
<use>1</use>
<logicalDatatype>LOGDT019</logicalDatatype>
<dataTypePrecision>10</dataTypePrecision>
<ownDataTypeParameters>,10,</ownDataTypeParameters>
</Attribute>
<Attribute name="nombre_afp" id="6AF9EC7A-7D13-B5CE-282C-AC0D83383A05">
<createdBy>fcord</createdBy>
<createdTime>2025-09-15 23:26:55 UTC</createdTime>
<ownerDesignName>modelo_relacional</ownerDesignName>
<engineerTo>
<item key="70D65689-C95F-D44C-D84E-066373F7CF47" value="true"/>
</engineerTo>
<useDomainConstraints>false</useDomainConstraints>
<use>1</use>
<logicalDatatype>LOGDT024</logicalDatatype>
<dataTypeSize>20</dataTypeSize>
<ownDataTypeParameters>20,,</ownDataTypeParameters>
</Attribute>
</attributes>
<identifiers itemClass="oracle.dbtools.crest.model.design.logical.CandidateKey">
<identifier id="67880338-1915-7B6C-ADA1-640B480DAFCE" name="AFP PK">
<createdBy>fcord</createdBy>
<createdTime>2025-09-15 23:26:38 UTC</createdTime>
<ownerDesignName>modelo_relacional</ownerDesignName>
<engineerTo>
<item key="70D65689-C95F-D44C-D84E-066373F7CF47" value="true"/>
</engineerTo>
<pk>true</pk>
<usedAttributes>
<attributeRef>769D9912-7846-DEC1-12FF-F72DE299D755</attributeRef>
</usedAttributes>
</identifier>
</identifiers>
</Entity>