<?xml version = '1.0' encoding = 'UTF-8'?>
<Entity class="oracle.dbtools.crest.model.design.logical.Entity" directorySegmentName="seg_0" id="EB3C7211-590B-2C54-7F83-500A4F1E271A" name="Solicitud_examen">
<createdBy>fcord</createdBy>
<createdTime>2025-09-16 00:20:57 UTC</createdTime>
<ownerDesignName>modelo_relacional</ownerDesignName>
<engineerTo>
<item key="70D65689-C95F-D44C-D84E-066373F7CF47" value="true"/>
</engineerTo>
<adequatelyNormalized>NO</adequatelyNormalized>
<expectedVolumes>0</expectedVolumes>
<fwdEngineeringStrategyName>Single Table</fwdEngineeringStrategyName>
<growthPercent>0</growthPercent>
<growthType>Year</growthType>
<maxVolumes>9999999</maxVolumes>
<minVolumes>0</minVolumes>
<normalForm>Third</normalForm>
<attributes itemClass="oracle.dbtools.crest.model.design.logical.Attribute">
<Attribute name="fecha_solicitud" id="2BB58B78-C5DB-E1F6-F9D5-297C9DDB1457">
<createdBy>fcord</createdBy>
<createdTime>2025-09-16 00:22:23 UTC</createdTime>
<ownerDesignName>modelo_relacional</ownerDesignName>
<engineerTo>
<item key="70D65689-C95F-D44C-D84E-066373F7CF47" value="true"/>
</engineerTo>
<useDomainConstraints>false</useDomainConstraints>
<use>1</use>
<logicalDatatype>LOGDT007</logicalDatatype>
<ownDataTypeParameters>,,</ownDataTypeParameters>
</Attribute>
<Attribute name="resultado" id="BC3C5BA8-96EB-CE11-B321-8992F3EAC14C">
<createdBy>fcord</createdBy>
<createdTime>2025-09-16 00:22:35 UTC</createdTime>
<ownerDesignName>modelo_relacional</ownerDesignName>
<engineerTo>
<item key="70D65689-C95F-D44C-D84E-066373F7CF47" value="true"/>
</engineerTo>
<useDomainConstraints>false</useDomainConstraints>
<use>1</use>
<logicalDatatype>LOGDT024</logicalDatatype>
<dataTypeSize>200</dataTypeSize>
<ownDataTypeParameters>200,,</ownDataTypeParameters>
</Attribute>
<Attribute name="id_atencion" id="0835CF19-C975-5B23-B9FF-C527C29BE84D">
<createdBy>fcord</createdBy>
<createdTime>2025-09-16 00:33:40 UTC</createdTime>
<generatorID>038DCB55-CA46-4230-6504-B94D7D279F1C</generatorID>
<ownerDesignName>modelo_relacional</ownerDesignName>
<engineerTo>
<item key="70D65689-C95F-D44C-D84E-066373F7CF47" value="true"/>
</engineerTo>
<referedAttribute>A0659C5E-4FF9-D9B2-9504-E445EA33BBF8</referedAttribute>
<useDomainConstraints>false</useDomainConstraints>
<use>1</use>
<logicalDatatype>LOGDT019</logicalDatatype>
<dataTypePrecision>20</dataTypePrecision>
<ownDataTypeParameters>,,</ownDataTypeParameters>
</Attribute>
<Attribute name="rut_paciente" id="D39CBAE5-4B9C-2DA5-6B09-E5A5E81BABBD">
<createdBy>fcord</createdBy>
<createdTime>2025-09-16 00:33:40 UTC</createdTime>
<generatorID>038DCB55-CA46-4230-6504-B94D7D279F1C</generatorID>
<ownerDesignName>modelo_relacional</ownerDesignName>
<engineerTo>
<item key="70D65689-C95F-D44C-D84E-066373F7CF47" value="true"/>
</engineerTo>
<referedAttribute>89082AD4-173C-1EF4-6D28-489B4160783B</referedAttribute>
<useDomainConstraints>false</useDomainConstraints>
<use>1</use>
<logicalDatatype>LOGDT019</logicalDatatype>
<dataTypePrecision>9</dataTypePrecision>
<ownDataTypeParameters>,,</ownDataTypeParameters>
</Attribute>
<Attribute name="id_examen" id="2A52728C-1FF2-8E89-B064-3D178B667E88">
<createdBy>fcord</createdBy>
<createdTime>2025-09-16 00:39:36 UTC</createdTime>
<generatorID>19D2C597-470D-1C58-48E7-E2F52F1D35E7</generatorID>
<ownerDesignName>modelo_relacional</ownerDesignName>
<engineerTo>
<item key="70D65689-C95F-D44C-D84E-066373F7CF47" value="true"/>
</engineerTo>
<referedAttribute>3146ECB0-7748-8227-110C-B0DE0D52FB4C</referedAttribute>
<useDomainConstraints>false</useDomainConstraints>
<use>1</use>
<logicalDatatype>LOGDT019</logicalDatatype>
<dataTypePrecision>20</dataTypePrecision>
<ownDataTypeParameters>,,</ownDataTypeParameters>
</Attribute>
</attributes>
<identifiers itemClass="oracle.dbtools.crest.model.design.logical.CandidateKey">
<identifier id="06E4BD33-BDFB-18B2-2F69-7299D0EE7A60" name="Solicitud_examen PK">
<createdBy>fcord</createdBy>
<createdTime>2025-09-16 00:21:42 UTC</createdTime>
<ownerDesignName>modelo_relacional</ownerDesignName>
<engineerTo>
<item key="70D65689-C95F-D44C-D84E-066373F7CF47" value="true"/>
</engineerTo>
<pk>true</pk>
<usedAttributes>
<attributeRef>A9FF839E-99F3-333E-F72D-34406A7E1660</attributeRef>
<attributeRef>F25CE39E-4271-B078-CDB1-AAF6B3A2DAF9</attributeRef>
<attributeRef>0835CF19-C975-5B23-B9FF-C527C29BE84D</attributeRef>
<attributeRef>D39CBAE5-4B9C-2DA5-6B09-E5A5E81BABBD</attributeRef>
<attributeRef>2A52728C-1FF2-8E89-B064-3D178B667E88</attributeRef>
</usedAttributes>
</identifier>
</identifiers>
</Entity>