<?xml version = '1.0' encoding = 'UTF-8'?>
<Relation class="oracle.dbtools.crest.model.design.logical.Relation" name="Relation_16" directorySegmentName="seg_0" id="19D2C597-470D-1C58-48E7-E2F52F1D35E7">
<createdBy>fcord</createdBy>
<createdTime>2025-09-16 00:39:36 UTC</createdTime>
<ownerDesignName>MER-E</ownerDesignName>
<engineerTo>
<item key="70D65689-C95F-D44C-D84E-066373F7CF47" value="true"/>
</engineerTo>
<sourcePk>ACE40C64-4C71-A8F8-A18C-0CB8F0FD6CDB</sourcePk>
<identifying>false</identifying>
<optionalSource>true</optionalSource>
<optionalTarget>false</optionalTarget>
<sourceCardinality>1</sourceCardinality>
<sourceEntity>CB15F3FF-8632-5E62-A3CB-81641C2D016E</sourceEntity>
<targetCardinalityString>*</targetCardinalityString>
<targetEntity>EB3C7211-590B-2C54-7F83-500A4F1E271A</targetEntity>
<transferable>true</transferable>
<deleteRule>NO ACTION</deleteRule>
</Relation>