<?xml version = '1.0' encoding = 'UTF-8'?>
<Relation class="oracle.dbtools.crest.model.design.logical.Relation" name="Relation_13" directorySegmentName="seg_0" id="3886DA6F-5A7B-CF05-BAE8-C23A2DCAA09F">
<createdBy>fcord</createdBy>
<createdTime>2025-09-16 00:25:38 UTC</createdTime>
<ownerDesignName>MER-E</ownerDesignName>
<engineerTo>
<item key="70D65689-C95F-D44C-D84E-066373F7CF47" value="true"/>
</engineerTo>
<targetPk>B57097FC-A137-9D2F-B1DD-144AC42C2235</targetPk>
<identifying>false</identifying>
<nameOnSource>puede supervisar a </nameOnSource>
<optionalSource>true</optionalSource>
<optionalTarget>false</optionalTarget>
<sourceCardinality>1</sourceCardinality>
<sourceEntity>A02E0AF5-EBAA-733D-360D-DB705D6DB20B</sourceEntity>
<targetCardinalityString>*</targetCardinalityString>
<targetEntity>A02E0AF5-EBAA-733D-360D-DB705D6DB20B</targetEntity>
<transferable>true</transferable>
<deleteRule>NO ACTION</deleteRule>
</Relation>