<?xml version = '1.0' encoding = 'UTF-8'?>
<Relation class="oracle.dbtools.crest.model.design.logical.Relation" name="Relation_9" directorySegmentName="seg_0" id="3DCE0E37-8776-FCA1-1ACD-88CBB9EBD132">
<createdBy>fcord</createdBy>
<createdTime>2025-09-16 00:17:01 UTC</createdTime>
<ownerDesignName>MER-E</ownerDesignName>
<engineerTo>
<item key="70D65689-C95F-D44C-D84E-066373F7CF47" value="true"/>
</engineerTo>
<sourcePk>210DC21E-264D-28F4-906B-5CA5C410BA19</sourcePk>
<identifying>false</identifying>
<nameOnSource>tiene un</nameOnSource>
<nameOnTarget>pertenece a</nameOnTarget>
<optionalSource>true</optionalSource>
<optionalTarget>false</optionalTarget>
<sourceCardinality>1</sourceCardinality>
<sourceEntity>1710031C-6AD2-233B-8AD2-04F36807557A</sourceEntity>
<targetCardinalityString>1</targetCardinalityString>
<targetEntity>FA78E6A9-F3BE-D8D6-3C89-63F70D3883CF</targetEntity>
<transferable>true</transferable>
<deleteRule>NO ACTION</deleteRule>
</Relation>