<?xml version = '1.0' encoding = 'UTF-8'?>
<Relation class="oracle.dbtools.crest.model.design.logical.Relation" name="Relation_17" directorySegmentName="seg_0" id="52164FEC-3A65-11A6-0DE8-5684D1E45A51">
<createdBy>fcord</createdBy>
<createdTime>2025-09-16 00:50:52 UTC</createdTime>
<ownerDesignName>MER-E</ownerDesignName>
<engineerTo>
<item key="70D65689-C95F-D44C-D84E-066373F7CF47" value="true"/>
</engineerTo>
<sourcePk>4D56616A-3C19-D00B-228E-47C81E0F0885</sourcePk>
<identifying>false</identifying>
<nameOnTarget>pertenece a </nameOnTarget>
<optionalSource>true</optionalSource>
<optionalTarget>false</optionalTarget>
<sourceCardinality>1</sourceCardinality>
<sourceEntity>3EC2BF1F-F4B9-9B56-FCD1-D1F81A1C11C6</sourceEntity>
<targetCardinalityString>*</targetCardinalityString>
<targetEntity>9D5AC551-8F88-6358-B374-8AFA74ADEA8A</targetEntity>
<transferable>true</transferable>
<deleteRule>NO ACTION</deleteRule>
</Relation>