<?xml version = '1.0' encoding = 'UTF-8'?>
<Relation class="oracle.dbtools.crest.model.design.logical.Relation" name="Relation_5" directorySegmentName="seg_0" id="6F9DC34E-3EFC-EEF4-120B-F67D9EAF9058">
<createdBy>fcord</createdBy>
<createdTime>2025-09-15 23:48:37 UTC</createdTime>
<ownerDesignName>MER-E</ownerDesignName>
<engineerTo>
<item key="70D65689-C95F-D44C-D84E-066373F7CF47" value="true"/>
</engineerTo>
<sourcePk>916EE2EF-1877-A2EF-E8B6-E2D728D2A885</sourcePk>
<identifying>true</identifying>
<nameOnSource>tiene </nameOnSource>
<nameOnTarget>pertenece a </nameOnTarget>
<optionalSource>true</optionalSource>
<optionalTarget>false</optionalTarget>
<sourceCardinality>1</sourceCardinality>
<sourceEntity>9D5AC551-8F88-6358-B374-8AFA74ADEA8A</sourceEntity>
<targetCardinalityString>*</targetCardinalityString>
<targetEntity>1710031C-6AD2-233B-8AD2-04F36807557A</targetEntity>
<transferable>true</transferable>
<deleteRule>NO ACTION</deleteRule>
</Relation>