<?xml version = '1.0' encoding = 'UTF-8'?>
<Relation class="oracle.dbtools.crest.model.design.logical.Relation" name="Relation_4" directorySegmentName="seg_0" id="7397B6C3-9E3D-07DA-DE03-D71FB2AE66B6">
<createdBy>fcord</createdBy>
<createdTime>2025-09-15 23:48:07 UTC</createdTime>
<ownerDesignName>MER-E</ownerDesignName>
<engineerTo>
<item key="70D65689-C95F-D44C-D84E-066373F7CF47" value="true"/>
</engineerTo>
<sourcePk>E95933C1-9F4A-5F33-5678-F13C2ED0F978</sourcePk>
<identifying>false</identifying>
<nameOnSource>asociado a </nameOnSource>
<nameOnTarget>pertenece a </nameOnTarget>
<optionalSource>true</optionalSource>
<optionalTarget>false</optionalTarget>
<sourceCardinality>1</sourceCardinality>
<sourceEntity>59783726-34EE-B0B0-296F-9F1A3B9F5F0B</sourceEntity>
<targetCardinalityString>*</targetCardinalityString>
<targetEntity>A02E0AF5-EBAA-733D-360D-DB705D6DB20B</targetEntity>
<transferable>true</transferable>
<deleteRule>NO ACTION</deleteRule>
</Relation>