<?xml version = '1.0' encoding = 'UTF-8'?>
<Relation class="oracle.dbtools.crest.model.design.logical.Relation" name="Relation_6" directorySegmentName="seg_0" id="A76412E3-C180-6902-B86F-9A5930D02FDC">
<createdBy>fcord</createdBy>
<createdTime>2025-09-16 00:13:08 UTC</createdTime>
<ownerDesignName>MER-E</ownerDesignName>
<engineerTo>
<item key="70D65689-C95F-D44C-D84E-066373F7CF47" value="true"/>
</engineerTo>
<sourcePk>14CE1EDF-5E49-79A5-C673-349F74601274</sourcePk>
<identifying>false</identifying>
<nameOnSource>tiene</nameOnSource>
<nameOnTarget>tiene</nameOnTarget>
<optionalSource>true</optionalSource>
<optionalTarget>false</optionalTarget>
<sourceCardinality>1</sourceCardinality>
<sourceEntity>4344F24F-1E09-2895-39E8-DCADCFF28A42</sourceEntity>
<targetCardinalityString>*</targetCardinalityString>
<targetEntity>A02E0AF5-EBAA-733D-360D-DB705D6DB20B</targetEntity>
<transferable>true</transferable>
<deleteRule>NO ACTION</deleteRule>
</Relation>