<?xml version = '1.0' encoding = 'UTF-8'?>
<FKIndexAssociation class="oracle.dbtools.crest.model.design.relational.FKIndexAssociation" directorySegmentName="seg_0" id="3BB6A810-B560-75F8-3479-FB0B772E9698" containerWithKeyObject="8B43FDF9-769F-861E-DE08-95976F8B5501" localFKIndex="65C6AF96-74D6-62A1-EAD5-EADB03D60D87" name="Solicitud_examen_Atencion_medica_FK">
<createdBy>fcord</createdBy>
<createdTime>2025-09-16 00:56:32 UTC</createdTime>
<generatorID>038DCB55-CA46-4230-6504-B94D7D279F1C</generatorID>
<ownerDesignName>modelo_relacional</ownerDesignName>
<referredTableLongName>Atencion_medica</referredTableLongName>
<deleteRule>NO ACTION</deleteRule>
<referredTableID>BB86805D-305D-1030-7ADF-9D2161259511</referredTableID>
<keyObject>55DBF380-F88F-CB28-9C53-6735A81C9760</keyObject>
<referredKeyID>55DBF380-F88F-CB28-9C53-6735A81C9760</referredKeyID>
<mandatory>true</mandatory>
<refColNames>id_atencion,Paciente_rut_paciente</refColNames>
<transferable>true</transferable>
<rely>false</rely>
<columnDependencyConstraintGenerateInDDL>true</columnDependencyConstraintGenerateInDDL>
</FKIndexAssociation>