<?xml version = '1.0' encoding = 'UTF-8'?>
<FKIndexAssociation class="oracle.dbtools.crest.model.design.relational.FKIndexAssociation" directorySegmentName="seg_0" id="BF9A593C-CD02-6D1E-1D6B-EF72A7DC80A1" containerWithKeyObject="8B43FDF9-769F-861E-DE08-95976F8B5501" localFKIndex="1D4AC4C4-083E-DE65-E35B-142B891B59CE" name="Solicitud_examen_Examen_laboratorio_FK">
<createdBy>fcord</createdBy>
<createdTime>2025-09-16 00:56:32 UTC</createdTime>
<generatorID>19D2C597-470D-1C58-48E7-E2F52F1D35E7</generatorID>
<ownerDesignName>modelo_relacional</ownerDesignName>
<referredTableLongName>Examen_laboratorio</referredTableLongName>
<deleteRule>NO ACTION</deleteRule>
<referredTableID>99B692B7-17D4-3588-A078-75541F0C9054</referredTableID>
<keyObject>FDAB05BB-4086-4149-4FBF-405E8851444F</keyObject>
<referredKeyID>FDAB05BB-4086-4149-4FBF-405E8851444F</referredKeyID>
<mandatory>true</mandatory>
<refColNames>id_examen</refColNames>
<transferable>true</transferable>
<rely>false</rely>
<columnDependencyConstraintGenerateInDDL>true</columnDependencyConstraintGenerateInDDL>
</FKIndexAssociation>