<?xml version = '1.0' encoding = 'UTF-8'?>
<FKIndexAssociation class="oracle.dbtools.crest.model.design.relational.FKIndexAssociation" directorySegmentName="seg_0" id="CD227FA5-96B8-E26C-38C3-0FB6B99C99A1" containerWithKeyObject="02548C7C-434A-089B-156D-FD4445B3B6F6" localFKIndex="BA9E6807-BE87-68BB-79E1-CA56D2E4B143" name="Medico_Institucion_salud_FK">
<createdBy>fcord</createdBy>
<createdTime>2025-09-16 00:56:32 UTC</createdTime>
<generatorID>7397B6C3-9E3D-07DA-DE03-D71FB2AE66B6</generatorID>
<ownerDesignName>modelo_relacional</ownerDesignName>
<referredTableLongName>Institucion_salud</referredTableLongName>
<deleteRule>NO ACTION</deleteRule>
<referredTableID>B1CDB2FF-314B-F145-A27B-1045EF0BAC43</referredTableID>
<keyObject>DF0775E2-4770-F087-8B92-BF6CD3C4FA04</keyObject>
<referredKeyID>DF0775E2-4770-F087-8B92-BF6CD3C4FA04</referredKeyID>
<mandatory>true</mandatory>
<refColNames>id_inst_salud</refColNames>
<transferable>true</transferable>
<rely>false</rely>
<columnDependencyConstraintGenerateInDDL>true</columnDependencyConstraintGenerateInDDL>
</FKIndexAssociation>