<?xml version = '1.0' encoding = 'UTF-8'?>
<FKIndexAssociation class="oracle.dbtools.crest.model.design.relational.FKIndexAssociation" directorySegmentName="seg_0" id="ED0872CD-FC28-C4A0-2AF0-FA19A95B636B" containerWithKeyObject="02548C7C-434A-089B-156D-FD4445B3B6F6" localFKIndex="2333FA8A-8126-6AB7-A90C-8C1DEF8DB1AF" name="Medico_Medico_FK">
<createdBy>fcord</createdBy>
<createdTime>2025-09-16 00:56:32 UTC</createdTime>
<generatorID>3886DA6F-5A7B-CF05-BAE8-C23A2DCAA09F</generatorID>
<ownerDesignName>modelo_relacional</ownerDesignName>
<referredTableLongName>Medico</referredTableLongName>
<deleteRule>NO ACTION</deleteRule>
<referredTableID>02548C7C-434A-089B-156D-FD4445B3B6F6</referredTableID>
<keyObject>5985CA82-841D-F5E1-8611-A5E6A1DF3B16</keyObject>
<referredKeyID>5985CA82-841D-F5E1-8611-A5E6A1DF3B16</referredKeyID>
<mandatory>true</mandatory>
<refColNames>rut_medico,AFP_id_afp</refColNames>
<transferable>true</transferable>
<rely>false</rely>
<columnDependencyConstraintGenerateInDDL>true</columnDependencyConstraintGenerateInDDL>
</FKIndexAssociation>