<?xml version = '1.0' encoding = 'UTF-8'?>
<Relation class="oracle.dbtools.crest.model.design.logical.Relation" name="Relation_14" directorySegmentName="seg_0" id="038DCB55-CA46-4230-6504-B94D7D279F1C">
<createdBy>fcord</createdBy>
<createdTime>2025-09-16 00:33:40 UTC</createdTime>
<ownerDesignName>modelo_relacional</ownerDesignName>
<engineerTo>
<item key="70D65689-C95F-D44C-D84E-066373F7CF47" value="true"/>
</engineerTo>
<sourcePk>210DC21E-264D-28F4-906B-5CA5C410BA19</sourcePk>
<identifying>true</identifying>
<optionalSource>true</optionalSource>
<optionalTarget>false</optionalTarget>
<sourceCardinality>1</sourceCardinality>
<sourceEntity>1710031C-6AD2-233B-8AD2-04F36807557A</sourceEntity>
<targetCardinalityString>*</targetCardinalityString>
<targetEntity>EB3C7211-590B-2C54-7F83-500A4F1E271A</targetEntity>
<transferable>true</transferable>
<deleteRule>NO ACTION</deleteRule>
</Relation>