<?xml version = '1.0' encoding = 'UTF-8'?>
<Relation class="oracle.dbtools.crest.model.design.logical.Relation" name="Relation_1" directorySegmentName="seg_0" id="30C24F98-93B2-4D4F-2B8F-2ADD346A91DE">
<createdBy>fcord</createdBy>
<createdTime>2025-09-15 23:45:23 UTC</createdTime>
<ownerDesignName>modelo_relacional</ownerDesignName>
<engineerTo>
<item key="70D65689-C95F-D44C-D84E-066373F7CF47" value="true"/>
</engineerTo>
<sourcePk>97B6A4D1-0144-3882-9BF1-513D1915ABE2</sourcePk>
<identifying>false</identifying>
<nameOnTarget>puede tener muchos</nameOnTarget>
<optionalSource>true</optionalSource>
<optionalTarget>false</optionalTarget>
<sourceCardinality>1</sourceCardinality>
<sourceEntity>7B65BBFF-8A6F-683C-2A18-E979D6EA6650</sourceEntity>
<targetCardinalityString>*</targetCardinalityString>
<targetEntity>3EC2BF1F-F4B9-9B56-FCD1-D1F81A1C11C6</targetEntity>
<transferable>true</transferable>
<deleteRule>NO ACTION</deleteRule>
</Relation>