<?xml version = '1.0' encoding = 'UTF-8'?>
<Relation class="oracle.dbtools.crest.model.design.logical.Relation" name="Relation_7" directorySegmentName="seg_0" id="34817621-3CA3-9EA2-B0D0-EDA0B22F6C00">
<createdBy>fcord</createdBy>
<createdTime>2025-09-16 00:13:48 UTC</createdTime>
<ownerDesignName>modelo_relacional</ownerDesignName>
<engineerTo>
<item key="70D65689-C95F-D44C-D84E-066373F7CF47" value="true"/>
</engineerTo>
<sourcePk>B57097FC-A137-9D2F-B1DD-144AC42C2235</sourcePk>
<identifying>false</identifying>
<nameOnSource>tiene muchas</nameOnSource>
<nameOnTarget>tiene un</nameOnTarget>
<optionalSource>true</optionalSource>
<optionalTarget>false</optionalTarget>
<sourceCardinality>1</sourceCardinality>
<sourceEntity>A02E0AF5-EBAA-733D-360D-DB705D6DB20B</sourceEntity>
<targetCardinalityString>*</targetCardinalityString>
<targetEntity>1710031C-6AD2-233B-8AD2-04F36807557A</targetEntity>
<transferable>true</transferable>
<deleteRule>NO ACTION</deleteRule>
</Relation>