<?xml version = '1.0' encoding = 'UTF-8'?>
<Relation class="oracle.dbtools.crest.model.design.logical.Relation" name="Relation_2" directorySegmentName="seg_0" id="BEF71FCA-0327-5DFA-3EB8-154A735C68F0">
<createdBy>fcord</createdBy>
<createdTime>2025-09-15 23:46:24 UTC</createdTime>
<ownerDesignName>modelo_relacional</ownerDesignName>
<engineerTo>
<item key="70D65689-C95F-D44C-D84E-066373F7CF47" value="true"/>
</engineerTo>
<sourcePk>6070CE86-5EA5-E5B7-20D1-6078660872CA</sourcePk>
<identifying>false</identifying>
<nameOnSource>asociado a varios</nameOnSource>
<optionalSource>true</optionalSource>
<optionalTarget>false</optionalTarget>
<sourceCardinality>1</sourceCardinality>
<sourceEntity>EB4E78E9-D55F-591B-1A50-AEE004FF0457</sourceEntity>
<targetCardinalityString>*</targetCardinalityString>
<targetEntity>A02E0AF5-EBAA-733D-360D-DB705D6DB20B</targetEntity>
<transferable>true</transferable>
<deleteRule>NO ACTION</deleteRule>
</Relation>