<?xml version = '1.0' encoding = 'UTF-8'?>
<Relation class="oracle.dbtools.crest.model.design.logical.Relation" name="Relation_3" directorySegmentName="seg_0" id="FFBBDF4C-AE17-C0C0-8932-BA47C91DEB8F">
<createdBy>fcord</createdBy>
<createdTime>2025-09-15 23:47:35 UTC</createdTime>
<ownerDesignName>modelo_relacional</ownerDesignName>
<engineerTo>
<item key="70D65689-C95F-D44C-D84E-066373F7CF47" value="true"/>
</engineerTo>
<sourcePk>67880338-1915-7B6C-ADA1-640B480DAFCE</sourcePk>
<identifying>true</identifying>
<nameOnSource>asociado a </nameOnSource>
<nameOnTarget>tiene </nameOnTarget>
<optionalSource>true</optionalSource>
<optionalTarget>false</optionalTarget>
<sourceCardinality>1</sourceCardinality>
<sourceEntity>6B264718-062D-CEC7-F8B3-C7F28A5FB502</sourceEntity>
<targetCardinalityString>*</targetCardinalityString>
<targetEntity>A02E0AF5-EBAA-733D-360D-DB705D6DB20B</targetEntity>
<transferable>true</transferable>
<deleteRule>NO ACTION</deleteRule>
</Relation>