<?xml version = '1.0' encoding = 'UTF-8'?>
<FKIndexAssociation class="oracle.dbtools.crest.model.design.relational.FKIndexAssociation" directorySegmentName="seg_0" id="1DFEDE4F-4480-CBA0-4153-2B0C86CE297E" containerWithKeyObject="02548C7C-434A-089B-156D-FD4445B3B6F6" localFKIndex="B9568062-1330-75C9-1046-2B20CDF76D9C" name="Medico_Especialidad_FK">
<createdBy>fcord</createdBy>
<createdTime>2025-09-16 00:56:32 UTC</createdTime>
<generatorID>BEF71FCA-0327-5DFA-3EB8-154A735C68F0</generatorID>
<ownerDesignName>MER-E</ownerDesignName>
<referredTableLongName>Especialidad</referredTableLongName>
<deleteRule>NO ACTION</deleteRule>
<referredTableID>176D87AE-5873-FB4C-A89B-8E006A20C38D</referredTableID>
<keyObject>63AFC629-F9DD-AD52-AEB4-C390E77C00E4</keyObject>
<referredKeyID>63AFC629-F9DD-AD52-AEB4-C390E77C00E4</referredKeyID>
<mandatory>true</mandatory>
<refColNames>id_especialidad</refColNames>
<transferable>true</transferable>
<rely>false</rely>
<columnDependencyConstraintGenerateInDDL>true</columnDependencyConstraintGenerateInDDL>
</FKIndexAssociation>