<?xml version = '1.0' encoding = 'UTF-8'?>
<FKIndexAssociation class="oracle.dbtools.crest.model.design.relational.FKIndexAssociation" directorySegmentName="seg_0" id="2CBFE9CD-F77E-1D10-6219-07E2D8F9A5B1" containerWithKeyObject="BB86805D-305D-1030-7ADF-9D2161259511" localFKIndex="EE5430E3-75B3-A10C-D910-7334123FAFCD" name="Atencion_medica_Medico_FK">
<createdBy>fcord</createdBy>
<createdTime>2025-09-16 00:56:32 UTC</createdTime>
<generatorID>34817621-3CA3-9EA2-B0D0-EDA0B22F6C00</generatorID>
<ownerDesignName>MER-E</ownerDesignName>
<referredTableLongName>Medico</referredTableLongName>
<deleteRule>NO ACTION</deleteRule>
<referredTableID>02548C7C-434A-089B-156D-FD4445B3B6F6</referredTableID>
<keyObject>5985CA82-841D-F5E1-8611-A5E6A1DF3B16</keyObject>
<referredKeyID>5985CA82-841D-F5E1-8611-A5E6A1DF3B16</referredKeyID>
<mandatory>true</mandatory>
<refColNames>rut_medico,AFP_id_afp</refColNames>
<transferable>true</transferable>
<rely>false</rely>
<columnDependencyConstraintGenerateInDDL>true</columnDependencyConstraintGenerateInDDL>
</FKIndexAssociation>