<?xml version = '1.0' encoding = 'UTF-8'?>
<FKIndexAssociation class="oracle.dbtools.crest.model.design.relational.FKIndexAssociation" directorySegmentName="seg_0" id="584011F1-B707-FE42-730D-C62048AF1A94" containerWithKeyObject="94AE9F12-43B8-71C0-6F9B-26149031758B" localFKIndex="947BBC8E-3A47-9327-AAC8-DD83DAF5826B" name="Paciente_Comuna_FK">
<createdBy>fcord</createdBy>
<createdTime>2025-09-16 00:56:32 UTC</createdTime>
<generatorID>52164FEC-3A65-11A6-0DE8-5684D1E45A51</generatorID>
<ownerDesignName>MER-E</ownerDesignName>
<referredTableLongName>Comuna</referredTableLongName>
<deleteRule>NO ACTION</deleteRule>
<referredTableID>4B22DCF9-0687-0195-E8A9-8CDDCFFBB476</referredTableID>
<keyObject>E6F17E42-76A3-77D1-80EC-080684A8135A</keyObject>
<referredKeyID>E6F17E42-76A3-77D1-80EC-080684A8135A</referredKeyID>
<mandatory>true</mandatory>
<refColNames>id_comuna</refColNames>
<transferable>true</transferable>
<rely>false</rely>
<columnDependencyConstraintGenerateInDDL>true</columnDependencyConstraintGenerateInDDL>
</FKIndexAssociation>