<?xml version = '1.0' encoding = 'UTF-8'?>
<FKIndexAssociation class="oracle.dbtools.crest.model.design.relational.FKIndexAssociation" directorySegmentName="seg_0" id="6743F871-F404-28F8-0B94-BE0382B5C02A" containerWithKeyObject="02548C7C-434A-089B-156D-FD4445B3B6F6" localFKIndex="32AB6E16-0B50-80C7-1EDB-76A64E24A5A1" name="Medico_AFP_FK">
<createdBy>fcord</createdBy>
<createdTime>2025-09-16 00:56:32 UTC</createdTime>
<generatorID>FFBBDF4C-AE17-C0C0-8932-BA47C91DEB8F</generatorID>
<ownerDesignName>MER-E</ownerDesignName>
<referredTableLongName>AFP</referredTableLongName>
<deleteRule>NO ACTION</deleteRule>
<referredTableID>7EC229F1-60E5-9A58-5259-C958ACCEB83E</referredTableID>
<keyObject>DF3B7CB9-DF94-EB08-DC86-CA90EA47067D</keyObject>
<referredKeyID>DF3B7CB9-DF94-EB08-DC86-CA90EA47067D</referredKeyID>
<mandatory>true</mandatory>
<refColNames>id_afp</refColNames>
<transferable>true</transferable>
<rely>false</rely>
<columnDependencyConstraintGenerateInDDL>true</columnDependencyConstraintGenerateInDDL>
</FKIndexAssociation>