<?xml version = '1.0' encoding = 'UTF-8'?>
<FKIndexAssociation class="oracle.dbtools.crest.model.design.relational.FKIndexAssociation" directorySegmentName="seg_0" id="70E8A466-F2EE-779B-5996-9D4ED1EDB8B4" containerWithKeyObject="6231014C-79AF-7EA9-3ADD-3E18DA0E3D39" localFKIndex="B96EAB68-258B-CFA5-D9DF-435826D844C4" name="Pago_Atencion_medica_FK">
<createdBy>fcord</createdBy>
<createdTime>2025-09-16 00:56:32 UTC</createdTime>
<generatorID>3DCE0E37-8776-FCA1-1ACD-88CBB9EBD132</generatorID>
<ownerDesignName>MER-E</ownerDesignName>
<referredTableLongName>Atencion_medica</referredTableLongName>
<deleteRule>NO ACTION</deleteRule>
<referredTableID>BB86805D-305D-1030-7ADF-9D2161259511</referredTableID>
<keyObject>55DBF380-F88F-CB28-9C53-6735A81C9760</keyObject>
<referredKeyID>55DBF380-F88F-CB28-9C53-6735A81C9760</referredKeyID>
<mandatory>true</mandatory>
<refColNames>id_atencion,Paciente_rut_paciente</refColNames>
<transferable>true</transferable>
<rely>false</rely>
<columnDependencyConstraintGenerateInDDL>true</columnDependencyConstraintGenerateInDDL>
</FKIndexAssociation>