<?xml version = '1.0' encoding = 'UTF-8'?>
<FKIndexAssociation class="oracle.dbtools.crest.model.design.relational.FKIndexAssociation" directorySegmentName="seg_0" id="88B1AC62-CF35-C01D-7EE6-042483D963D0" containerWithKeyObject="4B22DCF9-0687-0195-E8A9-8CDDCFFBB476" localFKIndex="9C45BE94-7110-F8EE-9557-7D5EEDEEEAC6" name="Comuna_Region_FK">
<createdBy>fcord</createdBy>
<createdTime>2025-09-16 00:56:32 UTC</createdTime>
<generatorID>30C24F98-93B2-4D4F-2B8F-2ADD346A91DE</generatorID>
<ownerDesignName>MER-E</ownerDesignName>
<referredTableLongName>Region</referredTableLongName>
<deleteRule>NO ACTION</deleteRule>
<referredTableID>47494C79-DB20-6AED-450B-7398FD2FE3B5</referredTableID>
<keyObject>711ACED4-FE94-2E9D-190C-D047DCD7C777</keyObject>
<referredKeyID>711ACED4-FE94-2E9D-190C-D047DCD7C777</referredKeyID>
<mandatory>true</mandatory>
<refColNames>id_region</refColNames>
<transferable>true</transferable>
<rely>false</rely>
<columnDependencyConstraintGenerateInDDL>true</columnDependencyConstraintGenerateInDDL>
</FKIndexAssociation>