<?xml version = '1.0' encoding = 'UTF-8'?>
<FKIndexAssociation class="oracle.dbtools.crest.model.design.relational.FKIndexAssociation" directorySegmentName="seg_0" id="A050CC9C-6AB9-4FDB-7FCE-9BD7A741547D" containerWithKeyObject="BB86805D-305D-1030-7ADF-9D2161259511" localFKIndex="081A64E7-7CAA-6E32-93AC-11A7EA2BCB9C" name="Atencion_medica_Paciente_FK">
<createdBy>fcord</createdBy>
<createdTime>2025-09-16 00:56:32 UTC</createdTime>
<generatorID>6F9DC34E-3EFC-EEF4-120B-F67D9EAF9058</generatorID>
<ownerDesignName>MER-E</ownerDesignName>
<referredTableLongName>Paciente</referredTableLongName>
<deleteRule>NO ACTION</deleteRule>
<referredTableID>94AE9F12-43B8-71C0-6F9B-26149031758B</referredTableID>
<keyObject>DFCDF2A6-2566-1E45-C734-67D750ECDF2E</keyObject>
<referredKeyID>DFCDF2A6-2566-1E45-C734-67D750ECDF2E</referredKeyID>
<mandatory>true</mandatory>
<refColNames>rut_paciente</refColNames>
<transferable>true</transferable>
<rely>false</rely>
<columnDependencyConstraintGenerateInDDL>true</columnDependencyConstraintGenerateInDDL>
</FKIndexAssociation>