<?xml version = '1.0' encoding = 'UTF-8'?>
<FKIndexAssociation class="oracle.dbtools.crest.model.design.relational.FKIndexAssociation" directorySegmentName="seg_0" id="D05421F6-4569-74EF-BF71-453309A3E88E" containerWithKeyObject="02548C7C-434A-089B-156D-FD4445B3B6F6" localFKIndex="DA3AC60F-102A-C053-090A-F51C9F2EF51B" name="Medico_Unidad_atencion_FK">
<createdBy>fcord</createdBy>
<createdTime>2025-09-16 00:56:32 UTC</createdTime>
<generatorID>A76412E3-C180-6902-B86F-9A5930D02FDC</generatorID>
<ownerDesignName>MER-E</ownerDesignName>
<referredTableLongName>Unidad_atencion</referredTableLongName>
<deleteRule>NO ACTION</deleteRule>
<referredTableID>C1A73602-FEB9-AE93-DA6E-DAA42D84B937</referredTableID>
<keyObject>FF10388F-72D1-FE47-F0B4-AD1F93C903AD</keyObject>
<referredKeyID>FF10388F-72D1-FE47-F0B4-AD1F93C903AD</referredKeyID>
<mandatory>true</mandatory>
<refColNames>id_unidad</refColNames>
<transferable>true</transferable>
<rely>false</rely>
<columnDependencyConstraintGenerateInDDL>true</columnDependencyConstraintGenerateInDDL>
</FKIndexAssociation>