<?xml version = '1.0' encoding = 'UTF-8'?>
<Diagram class="oracle.dbtools.crest.swingui.logical.DPVLogical" name="Logical" id="4E8480D9-7551-E47A-0CD4-42BB551D6C7B">
<createdBy>fcord</createdBy>
<modifiedBy>fcord</modifiedBy>
<createdTime>2025-09-02 00:57:24 UTC</createdTime>
<autoRoute>false</autoRoute>
<boxInbox>true</boxInbox>
<showLegend>false</showLegend>
<showLabels>true</showLabels>
<showRelAttributes>false</showRelAttributes>
<gridEnabled>true</gridEnabled>
<showGrid>false</showGrid>
<diagramColor>-1</diagramColor>
<display>false</display>
<notation>0</notation>
<objectViews>
<OView class="oracle.dbtools.crest.swingui.logical.TVEntity" oid="003A68D8-12A7-0FEE-DE92-B657C84FF46B" otype="Entity" vid="7152A338-610D-B4AD-7A9A-DBE6C9C43F75">
<hideElementsInCurrentOnly>false</hideElementsInCurrentOnly>
<bounds x="340" y="320" width="241" height="181"/>
</OView>
<OView class="oracle.dbtools.crest.swingui.logical.TVEntity" oid="2B90ED3C-F5C0-5F46-9297-48308AE9829D" otype="Entity" vid="425C00B9-64CB-2EA3-AE4B-15F3F33C2FF0">
<hideElementsInCurrentOnly>false</hideElementsInCurrentOnly>
<bounds x="1240" y="150" width="81" height="61"/>
</OView>
<OView class="oracle.dbtools.crest.swingui.logical.TVEntity" oid="34922526-34F5-2EF0-60B5-69A518BF90AF" otype="Entity" vid="91B0A697-D195-F21C-54D4-FBF53E55988F">
<hideElementsInCurrentOnly>false</hideElementsInCurrentOnly>
<bounds x="10" y="30" width="231" height="140"/>
</OView>
<OView class="oracle.dbtools.crest.swingui.logical.TVEntity" oid="480DCBD8-0B55-7F26-F056-87A49D78DFCD" otype="Entity" vid="7174746B-27C3-44DC-5FA4-F87FCA735BB2">
<hideElementsInCurrentOnly>false</hideElementsInCurrentOnly>
<bounds x="940" y="60" width="391" height="201"/>
</OView>
<OView class="oracle.dbtools.crest.swingui.logical.TVEntity" oid="4DB4247C-074D-20AA-CA38-3173D892B8ED" otype="Entity" vid="FCBB6C6B-6592-61C5-03BA-A12B570D401A">
<hideElementsInCurrentOnly>false</hideElementsInCurrentOnly>
<bounds x="30" y="280" width="261" height="271"/>
</OView>
<OView class="oracle.dbtools.crest.swingui.logical.TVEntity" oid="56E49BAC-6EF9-A396-2E23-73D97B50822C" otype="Entity" vid="918E8018-7F5C-A76A-1DCF-EC9BC8BD46A1">
<hideElementsInCurrentOnly>false</hideElementsInCurrentOnly>
<bounds x="1240" y="80" width="81" height="61"/>
</OView>
<OView class="oracle.dbtools.crest.swingui.logical.TVEntity" oid="698BE174-501E-0AD9-B92B-94592986FB91" otype="Entity" vid="C7E325C7-B231-E50B-2BB9-8E765AB6D8CD">
<hideElementsInCurrentOnly>false</hideElementsInCurrentOnly>
<bounds x="1080" y="440" width="241" height="141"/>
</OView>
<OView class="oracle.dbtools.crest.swingui.logical.TVEntity" oid="6C6D94B5-E64E-B5B8-8F17-E250DE516568" otype="Entity" vid="FFE7F9C2-1F6E-1B0D-1A5F-8B31FE8AA569">
<hideElementsInCurrentOnly>false</hideElementsInCurrentOnly>
<bounds x="40" y="470" width="81" height="61"/>
</OView>
<OView class="oracle.dbtools.crest.swingui.logical.TVEntity" oid="B1F12C0C-1677-2F47-F0A1-0ACC40C0DAD8" otype="Entity" vid="F544752E-1A30-FBF4-6816-A79B4B4F87E8">
<hideElementsInCurrentOnly>false</hideElementsInCurrentOnly>
<bounds x="140" y="400" width="141" height="101"/>
</OView>
<OView class="oracle.dbtools.crest.swingui.logical.TVEntity" oid="EC59D639-7F60-E568-8F0D-0F3FDD2EE5D4" otype="Entity" vid="76442990-B8BB-9E3F-F77C-49BB8602F654">
<hideElementsInCurrentOnly>false</hideElementsInCurrentOnly>
<bounds x="710" y="490" width="221" height="191"/>
</OView>
<OView class="oracle.dbtools.crest.swingui.logical.TVEntity" oid="FD270E5E-2371-5A43-D5B0-5A60AA6E92E3" otype="Entity" vid="B8B7DD42-6456-CFFD-4CB2-C7ADE513C080">
<hideElementsInCurrentOnly>false</hideElementsInCurrentOnly>
<bounds x="390" y="60" width="221" height="131"/>
</OView>
</objectViews>
<connectors>
<Connector class="oracle.dbtools.crest.swingui.logical.TVRelation" oid="04AFB892-66D5-AF7E-B681-C24E7960476C" otype="Relation" vid_source="7152A338-610D-B4AD-7A9A-DBE6C9C43F75" vid_target="76442990-B8BB-9E3F-F77C-49BB8602F654">
<hideElementsInCurrentOnly>false</hideElementsInCurrentOnly>
<backgroundColor>-16777216</backgroundColor>
<lineWidth>1</lineWidth>
<sourceLabel class="oracle.dbtools.crest.model.design.Label">
<site>0</site>
<labelBounds x="591" y="465" width="42" height="30"/>
<noBackgroundColor>true</noBackgroundColor>
<noForegroundColor>true</noForegroundColor>
</sourceLabel>
<targetLabel class="oracle.dbtools.crest.model.design.Label">
<site>2</site>
<labelBounds x="635" y="498" width="69" height="30"/>
<noBackgroundColor>true</noBackgroundColor>
<noForegroundColor>true</noForegroundColor>
</targetLabel>
<points>
<point x="541" y="491"/>
<point x="710" y="495"/>
</points>
</Connector>
<Connector class="oracle.dbtools.crest.swingui.logical.TVRelation" oid="0718D7D8-B70E-616D-9844-D70DFB96FE19" otype="Relation" vid_source="7174746B-27C3-44DC-5FA4-F87FCA735BB2" vid_target="C7E325C7-B231-E50B-2BB9-8E765AB6D8CD">
<hideElementsInCurrentOnly>false</hideElementsInCurrentOnly>
<backgroundColor>-16777216</backgroundColor>
<lineWidth>1</lineWidth>
<sourceLabel class="oracle.dbtools.crest.model.design.Label">
<site>0</site>
<labelBounds x="1200" y="305" width="72" height="30"/>
<noBackgroundColor>true</noBackgroundColor>
<noForegroundColor>true</noForegroundColor>
</sourceLabel>
<targetLabel class="oracle.dbtools.crest.model.design.Label">
<site>2</site>
<labelBounds x="1200" y="404" width="109" height="30"/>
<noBackgroundColor>true</noBackgroundColor>
<noForegroundColor>true</noForegroundColor>
</targetLabel>
<points>
<point x="959" y="251"/>
<point x="1200" y="440"/>
</points>
</Connector>
<Connector class="oracle.dbtools.crest.swingui.logical.TVRelation" oid="34453954-B344-B36D-BD35-F9923EDD0B7D" otype="Relation" vid_source="7174746B-27C3-44DC-5FA4-F87FCA735BB2" vid_target="7152A338-610D-B4AD-7A9A-DBE6C9C43F75">
<hideElementsInCurrentOnly>false</hideElementsInCurrentOnly>
<backgroundColor>-16777216</backgroundColor>
<lineWidth>1</lineWidth>
<sourceLabel class="oracle.dbtools.crest.model.design.Label">
<site>0</site>
<labelBounds x="790" y="232" width="144" height="35"/>
<noBackgroundColor>true</noBackgroundColor>
<noForegroundColor>true</noForegroundColor>
</sourceLabel>
<targetLabel class="oracle.dbtools.crest.model.design.Label">
<site>2</site>
<labelBounds x="591" y="365" width="80" height="71"/>
<noBackgroundColor>true</noBackgroundColor>
<noForegroundColor>true</noForegroundColor>
</targetLabel>
<points>
<point x="940" y="232"/>
<point x="581" y="341"/>
</points>
</Connector>
<Connector class="oracle.dbtools.crest.swingui.logical.TVRelation" oid="77CE9911-EF68-0466-12C8-3B92C7336B50" otype="Relation" vid_source="B8B7DD42-6456-CFFD-4CB2-C7ADE513C080" vid_target="7174746B-27C3-44DC-5FA4-F87FCA735BB2">
<hideElementsInCurrentOnly>false</hideElementsInCurrentOnly>
<backgroundColor>-16777216</backgroundColor>
<lineWidth>1</lineWidth>
<sourceLabel class="oracle.dbtools.crest.model.design.Label">
<site>0</site>
<labelBounds x="621" y="95" width="82" height="30"/>
<noBackgroundColor>true</noBackgroundColor>
<noForegroundColor>true</noForegroundColor>
</sourceLabel>
<targetLabel class="oracle.dbtools.crest.model.design.Label">
<site>2</site>
<labelBounds x="868" y="128" width="66" height="30"/>
<noBackgroundColor>true</noBackgroundColor>
<noForegroundColor>true</noForegroundColor>
</targetLabel>
<points>
<point x="611" y="125"/>
<point x="940" y="125"/>
</points>
</Connector>
<Connector class="oracle.dbtools.crest.swingui.logical.TVInheritanceRelation" oid="7FB2EB31-FD75-CAFB-63D8-D8023C7C7973" otype="Hierarchy relation" vid_source="FCBB6C6B-6592-61C5-03BA-A12B570D401A" vid_target="F544752E-1A30-FBF4-6816-A79B4B4F87E8">
<hideElementsInCurrentOnly>false</hideElementsInCurrentOnly>
<backgroundColor>-65536</backgroundColor>
<lineWidth>1</lineWidth>
</Connector>
<Connector class="oracle.dbtools.crest.swingui.logical.TVInheritanceRelation" oid="8D69DC37-6C83-6228-1830-7DA94CE88AE3" otype="Hierarchy relation" vid_source="7174746B-27C3-44DC-5FA4-F87FCA735BB2" vid_target="918E8018-7F5C-A76A-1DCF-EC9BC8BD46A1">
<hideElementsInCurrentOnly>false</hideElementsInCurrentOnly>
<backgroundColor>-65536</backgroundColor>
<lineWidth>1</lineWidth>
</Connector>
<Connector class="oracle.dbtools.crest.swingui.logical.TVRelation" oid="9E0E7979-7CFE-639A-92BF-BC7E51170BFA" otype="Relation" vid_source="91B0A697-D195-F21C-54D4-FBF53E55988F" vid_target="B8B7DD42-6456-CFFD-4CB2-C7ADE513C080">
<hideElementsInCurrentOnly>false</hideElementsInCurrentOnly>
<backgroundColor>-16777216</backgroundColor>
<lineWidth>1</lineWidth>
<sourceLabel class="oracle.dbtools.crest.model.design.Label">
<site>0</site>
<labelBounds x="251" y="68" width="92" height="47"/>
<noBackgroundColor>true</noBackgroundColor>
<noForegroundColor>true</noForegroundColor>
</sourceLabel>
<targetLabel class="oracle.dbtools.crest.model.design.Label">
<site>2</site>
<labelBounds x="333" y="118" width="51" height="53"/>
<noBackgroundColor>true</noBackgroundColor>
<noForegroundColor>true</noForegroundColor>
</targetLabel>
<points>
<point x="241" y="115"/>
<point x="390" y="115"/>
</points>
</Connector>
<Connector class="oracle.dbtools.crest.swingui.logical.TVInheritanceRelation" oid="A3E3A950-5C6D-46CB-BE06-E85D6E05CC33" otype="Hierarchy relation" vid_source="7174746B-27C3-44DC-5FA4-F87FCA735BB2" vid_target="425C00B9-64CB-2EA3-AE4B-15F3F33C2FF0">
<hideElementsInCurrentOnly>false</hideElementsInCurrentOnly>
<backgroundColor>-65536</backgroundColor>
<lineWidth>1</lineWidth>
</Connector>
<Connector class="oracle.dbtools.crest.swingui.logical.TVRelation" oid="C6011479-60E3-3275-EB40-315EE88340C1" otype="Relation" vid_source="F544752E-1A30-FBF4-6816-A79B4B4F87E8" vid_target="F544752E-1A30-FBF4-6816-A79B4B4F87E8">
<hideElementsInCurrentOnly>false</hideElementsInCurrentOnly>
<backgroundColor>-16777216</backgroundColor>
<lineWidth>1</lineWidth>
<points>
<point x="281" y="449"/>
<point x="295" y="449"/>
<point x="295" y="508"/>
<point x="216" y="508"/>
<point x="216" y="501"/>
</points>
</Connector>
<Connector class="oracle.dbtools.crest.swingui.logical.TVInheritanceRelation" oid="D2D62E4C-32F4-AD56-087C-0C86CE147F7B" otype="Hierarchy relation" vid_source="FCBB6C6B-6592-61C5-03BA-A12B570D401A" vid_target="FFE7F9C2-1F6E-1B0D-1A5F-8B31FE8AA569">
<hideElementsInCurrentOnly>false</hideElementsInCurrentOnly>
<backgroundColor>-65536</backgroundColor>
<lineWidth>1</lineWidth>
</Connector>
<Connector class="oracle.dbtools.crest.swingui.logical.TVRelation" oid="D9BAD1F0-FBDD-E8BE-8A35-19734356B5DD" otype="Relation" vid_source="76442990-B8BB-9E3F-F77C-49BB8602F654" vid_target="C7E325C7-B231-E50B-2BB9-8E765AB6D8CD">
<hideElementsInCurrentOnly>false</hideElementsInCurrentOnly>
<backgroundColor>-16777216</backgroundColor>
<lineWidth>1</lineWidth>
<sourceLabel class="oracle.dbtools.crest.model.design.Label">
<site>0</site>
<labelBounds x="941" y="505" width="72" height="30"/>
<noBackgroundColor>true</noBackgroundColor>
<noForegroundColor>true</noForegroundColor>
</sourceLabel>
<targetLabel class="oracle.dbtools.crest.model.design.Label">
<site>2</site>
<labelBounds x="999" y="538" width="75" height="30"/>
<noBackgroundColor>true</noBackgroundColor>
<noForegroundColor>true</noForegroundColor>
</targetLabel>
<points>
<point x="891" y="540"/>
<point x="1080" y="535"/>
</points>
</Connector>
<Connector class="oracle.dbtools.crest.swingui.logical.TVRelation" oid="F4E7C7D9-5066-E0A3-E5E1-23BC2D76CE1F" otype="Relation" vid_source="91B0A697-D195-F21C-54D4-FBF53E55988F" vid_target="FCBB6C6B-6592-61C5-03BA-A12B570D401A">
<hideElementsInCurrentOnly>false</hideElementsInCurrentOnly>
<backgroundColor>-16777216</backgroundColor>
<lineWidth>1</lineWidth>
<sourceLabel class="oracle.dbtools.crest.model.design.Label">
<site>0</site>
<labelBounds x="135" y="196" width="116" height="12"/>
<noBackgroundColor>true</noBackgroundColor>
<noForegroundColor>true</noForegroundColor>
</sourceLabel>
<targetLabel class="oracle.dbtools.crest.model.design.Label">
<site>2</site>
<labelBounds x="135" y="240" width="96" height="34"/>
<noBackgroundColor>true</noBackgroundColor>
<noForegroundColor>true</noForegroundColor>
</targetLabel>
<points>
<point x="125" y="170"/>
<point x="135" y="280"/>
</points>
</Connector>
</connectors>
</Diagram>