<?xml version = '1.0' encoding = 'UTF-8'?>
<Diagram class="oracle.dbtools.crest.swingui.logical.DPVLogical" name="Logical" id="067D4766-D4CC-4516-4496-A436E65FD7E4">
<createdBy>fcord</createdBy>
<modifiedBy>fcord</modifiedBy>
<createdTime>2025-09-15 23:04:09 UTC</createdTime>
<autoRoute>false</autoRoute>
<boxInbox>true</boxInbox>
<showLegend>false</showLegend>
<showLabels>true</showLabels>
<showRelAttributes>false</showRelAttributes>
<gridEnabled>true</gridEnabled>
<showGrid>false</showGrid>
<diagramColor>-1</diagramColor>
<display>false</display>
<notation>1</notation>
<showComments>true</showComments>
<objectViews>
<OView class="oracle.dbtools.crest.swingui.logical.TVEntity" oid="1710031C-6AD2-233B-8AD2-04F36807557A" otype="Entity" vid="AFD52B14-C499-6B36-E018-D2F8525D2397">
<hideElementsInCurrentOnly>false</hideElementsInCurrentOnly>
<bounds x="430" y="270" width="257" height="158"/>
</OView>
<OView class="oracle.dbtools.crest.swingui.logical.TVEntity" oid="3EC2BF1F-F4B9-9B56-FCD1-D1F81A1C11C6" otype="Entity" vid="0925867F-DB41-3621-0DFC-B10DCF38B53F">
<hideElementsInCurrentOnly>false</hideElementsInCurrentOnly>
<bounds x="80" y="40" width="200" height="124"/>
</OView>
<OView class="oracle.dbtools.crest.swingui.logical.TVEntity" oid="4344F24F-1E09-2895-39E8-DCADCFF28A42" otype="Entity" vid="495D0C97-7564-F893-A425-0F9A00C38D21">
<hideElementsInCurrentOnly>false</hideElementsInCurrentOnly>
<bounds x="1150" y="220" width="206" height="88"/>
</OView>
<OView class="oracle.dbtools.crest.swingui.logical.TVEntity" oid="59783726-34EE-B0B0-296F-9F1A3B9F5F0B" otype="Entity" vid="28ED6EB4-A2F0-F547-BF2C-6AEE152CB083">
<hideElementsInCurrentOnly>false</hideElementsInCurrentOnly>
<bounds x="858" y="673" width="218" height="107"/>
</OView>
<OView class="oracle.dbtools.crest.swingui.logical.TVEntity" oid="6B264718-062D-CEC7-F8B3-C7F28A5FB502" otype="Entity" vid="8D10C974-224D-472E-C88B-B6D42ADAF985">
<hideElementsInCurrentOnly>false</hideElementsInCurrentOnly>
<bounds x="1220" y="410" width="200" height="91"/>
</OView>
<OView class="oracle.dbtools.crest.swingui.logical.TVEntity" oid="7B65BBFF-8A6F-683C-2A18-E979D6EA6650" otype="Entity" vid="B4C60534-A71E-EA36-68BC-A5D3B95AE41A">
<hideElementsInCurrentOnly>false</hideElementsInCurrentOnly>
<bounds x="380" y="50" width="199" height="121"/>
</OView>
<OView class="oracle.dbtools.crest.swingui.logical.TVEntity" oid="9D5AC551-8F88-6358-B374-8AFA74ADEA8A" otype="Entity" vid="5CBAEDB3-E1C0-6D67-8380-C7CA40587B5C">
<hideElementsInCurrentOnly>false</hideElementsInCurrentOnly>
<bounds x="49" y="249" width="232" height="152"/>
</OView>
<OView class="oracle.dbtools.crest.swingui.logical.TVEntity" oid="A02E0AF5-EBAA-733D-360D-DB705D6DB20B" otype="Entity" vid="BD02DACD-0487-FF10-3F53-26D80B5D2E20">
<hideElementsInCurrentOnly>false</hideElementsInCurrentOnly>
<bounds x="856" y="380" width="215" height="191"/>
</OView>
<OView class="oracle.dbtools.crest.swingui.logical.TVEntity" oid="CB15F3FF-8632-5E62-A3CB-81641C2D016E" otype="Entity" vid="16564F5B-1610-0DAD-E4D8-B509CA30D1EB">
<hideElementsInCurrentOnly>false</hideElementsInCurrentOnly>
<bounds x="392" y="684" width="375" height="117"/>
</OView>
<OView class="oracle.dbtools.crest.swingui.logical.TVEntity" oid="EB3C7211-590B-2C54-7F83-500A4F1E271A" otype="Entity" vid="FF9112E9-68AD-71CF-B04A-30F7EDD00629">
<hideElementsInCurrentOnly>false</hideElementsInCurrentOnly>
<bounds x="370" y="490" width="451" height="121"/>
</OView>
<OView class="oracle.dbtools.crest.swingui.logical.TVEntity" oid="EB4E78E9-D55F-591B-1A50-AEE004FF0457" otype="Entity" vid="C0649325-5BFB-EC5C-FC5E-A0359CFE1816">
<hideElementsInCurrentOnly>false</hideElementsInCurrentOnly>
<bounds x="810" y="210" width="229" height="92"/>
</OView>
<OView class="oracle.dbtools.crest.swingui.logical.TVEntity" oid="FA78E6A9-F3BE-D8D6-3C89-63F70D3883CF" otype="Entity" vid="AD675DD8-403D-1906-C74F-0407440FA403">
<hideElementsInCurrentOnly>false</hideElementsInCurrentOnly>
<bounds x="21" y="506" width="228" height="130"/>
</OView>
</objectViews>
<connectors>
<Connector class="oracle.dbtools.crest.swingui.logical.TVRelation" oid="038DCB55-CA46-4230-6504-B94D7D279F1C" otype="Relation" vid_source="AFD52B14-C499-6B36-E018-D2F8525D2397" vid_target="FF9112E9-68AD-71CF-B04A-30F7EDD00629">
<hideElementsInCurrentOnly>false</hideElementsInCurrentOnly>
<backgroundColor>-16777216</backgroundColor>
<lineWidth>1</lineWidth>
<points>
<point x="573" y="428"/>
<point x="516" y="490"/>
</points>
</Connector>
<Connector class="oracle.dbtools.crest.swingui.logical.TVRelation" oid="19D2C597-470D-1C58-48E7-E2F52F1D35E7" otype="Relation" vid_source="16564F5B-1610-0DAD-E4D8-B509CA30D1EB" vid_target="FF9112E9-68AD-71CF-B04A-30F7EDD00629">
<hideElementsInCurrentOnly>false</hideElementsInCurrentOnly>
<backgroundColor>-16777216</backgroundColor>
<lineWidth>1</lineWidth>
<points>
<point x="579" y="684"/>
<point x="579" y="611"/>
</points>
</Connector>
<Connector class="oracle.dbtools.crest.swingui.logical.TVRelation" oid="30C24F98-93B2-4D4F-2B8F-2ADD346A91DE" otype="Relation" vid_source="B4C60534-A71E-EA36-68BC-A5D3B95AE41A" vid_target="0925867F-DB41-3621-0DFC-B10DCF38B53F">
<hideElementsInCurrentOnly>false</hideElementsInCurrentOnly>
<backgroundColor>-16777216</backgroundColor>
<lineWidth>1</lineWidth>
<points>
<point x="380" y="107"/>
<point x="280" y="107"/>
</points>
</Connector>
<Connector class="oracle.dbtools.crest.swingui.logical.TVRelation" oid="34817621-3CA3-9EA2-B0D0-EDA0B22F6C00" otype="Relation" vid_source="BD02DACD-0487-FF10-3F53-26D80B5D2E20" vid_target="AFD52B14-C499-6B36-E018-D2F8525D2397">
<hideElementsInCurrentOnly>false</hideElementsInCurrentOnly>
<backgroundColor>-16777216</backgroundColor>
<lineWidth>1</lineWidth>
<sourceLabel class="oracle.dbtools.crest.model.design.Label">
<site>0</site>
<labelBounds x="771" y="411" width="79" height="30"/>
<noBackgroundColor>true</noBackgroundColor>
<noForegroundColor>true</noForegroundColor>
</sourceLabel>
<targetLabel class="oracle.dbtools.crest.model.design.Label">
<site>2</site>
<labelBounds x="697" y="404" width="54" height="30"/>
<noBackgroundColor>true</noBackgroundColor>
<noForegroundColor>true</noForegroundColor>
</targetLabel>
<points>
<point x="856" y="411"/>
<point x="687" y="404"/>
</points>
</Connector>
<Connector class="oracle.dbtools.crest.swingui.logical.TVRelation" oid="3886DA6F-5A7B-CF05-BAE8-C23A2DCAA09F" otype="Relation" vid_source="BD02DACD-0487-FF10-3F53-26D80B5D2E20" vid_target="BD02DACD-0487-FF10-3F53-26D80B5D2E20">
<hideElementsInCurrentOnly>false</hideElementsInCurrentOnly>
<backgroundColor>-16777216</backgroundColor>
<lineWidth>1</lineWidth>
<points>
<point x="1071" y="475"/>
<point x="1098" y="475"/>
<point x="1098" y="568"/>
<point x="983" y="568"/>
<point x="983" y="571"/>
</points>
</Connector>
<Connector class="oracle.dbtools.crest.swingui.logical.TVRelation" oid="3DCE0E37-8776-FCA1-1ACD-88CBB9EBD132" otype="Relation" vid_source="AFD52B14-C499-6B36-E018-D2F8525D2397" vid_target="AD675DD8-403D-1906-C74F-0407440FA403">
<hideElementsInCurrentOnly>false</hideElementsInCurrentOnly>
<backgroundColor>-16777216</backgroundColor>
<lineWidth>1</lineWidth>
<sourceLabel class="oracle.dbtools.crest.model.design.Label">
<site>0</site>
<labelBounds x="407" y="502" width="54" height="30"/>
<noBackgroundColor>true</noBackgroundColor>
<noForegroundColor>true</noForegroundColor>
</sourceLabel>
<targetLabel class="oracle.dbtools.crest.model.design.Label">
<site>2</site>
<labelBounds x="259" y="511" width="72" height="30"/>
<noBackgroundColor>true</noBackgroundColor>
<noForegroundColor>true</noForegroundColor>
</targetLabel>
<points>
<point x="407" y="466"/>
<point x="249" y="511"/>
</points>
</Connector>
<Connector class="oracle.dbtools.crest.swingui.logical.TVRelation" oid="52164FEC-3A65-11A6-0DE8-5684D1E45A51" otype="Relation" vid_source="0925867F-DB41-3621-0DFC-B10DCF38B53F" vid_target="5CBAEDB3-E1C0-6D67-8380-C7CA40587B5C">
<hideElementsInCurrentOnly>false</hideElementsInCurrentOnly>
<backgroundColor>-16777216</backgroundColor>
<lineWidth>1</lineWidth>
<points>
<point x="180" y="164"/>
<point x="172" y="249"/>
</points>
</Connector>
<Connector class="oracle.dbtools.crest.swingui.logical.TVRelation" oid="6F9DC34E-3EFC-EEF4-120B-F67D9EAF9058" otype="Relation" vid_source="5CBAEDB3-E1C0-6D67-8380-C7CA40587B5C" vid_target="AFD52B14-C499-6B36-E018-D2F8525D2397">
<hideElementsInCurrentOnly>false</hideElementsInCurrentOnly>
<backgroundColor>-16777216</backgroundColor>
<lineWidth>1</lineWidth>
<sourceLabel class="oracle.dbtools.crest.model.design.Label">
<site>0</site>
<labelBounds x="291" y="335" width="42" height="30"/>
<noBackgroundColor>true</noBackgroundColor>
<noForegroundColor>true</noForegroundColor>
</sourceLabel>
<targetLabel class="oracle.dbtools.crest.model.design.Label">
<site>2</site>
<labelBounds x="349" y="350" width="75" height="30"/>
<noBackgroundColor>true</noBackgroundColor>
<noForegroundColor>true</noForegroundColor>
</targetLabel>
<points>
<point x="281" y="335"/>
<point x="430" y="350"/>
</points>
</Connector>
<Connector class="oracle.dbtools.crest.swingui.logical.TVRelation" oid="7397B6C3-9E3D-07DA-DE03-D71FB2AE66B6" otype="Relation" vid_source="28ED6EB4-A2F0-F547-BF2C-6AEE152CB083" vid_target="BD02DACD-0487-FF10-3F53-26D80B5D2E20">
<hideElementsInCurrentOnly>false</hideElementsInCurrentOnly>
<backgroundColor>-16777216</backgroundColor>
<lineWidth>1</lineWidth>
<sourceLabel class="oracle.dbtools.crest.model.design.Label">
<site>0</site>
<labelBounds x="964" y="637" width="70" height="30"/>
<noBackgroundColor>true</noBackgroundColor>
<noForegroundColor>true</noForegroundColor>
</sourceLabel>
<targetLabel class="oracle.dbtools.crest.model.design.Label">
<site>2</site>
<labelBounds x="965" y="607" width="75" height="30"/>
<noBackgroundColor>true</noBackgroundColor>
<noForegroundColor>true</noForegroundColor>
</targetLabel>
<points>
<point x="964" y="673"/>
<point x="965" y="571"/>
</points>
</Connector>
<Connector class="oracle.dbtools.crest.swingui.logical.TVRelation" oid="A76412E3-C180-6902-B86F-9A5930D02FDC" otype="Relation" vid_source="495D0C97-7564-F893-A425-0F9A00C38D21" vid_target="BD02DACD-0487-FF10-3F53-26D80B5D2E20">
<hideElementsInCurrentOnly>false</hideElementsInCurrentOnly>
<backgroundColor>-16777216</backgroundColor>
<lineWidth>1</lineWidth>
<sourceLabel class="oracle.dbtools.crest.model.design.Label">
<site>0</site>
<labelBounds x="1192" y="344" width="39" height="30"/>
<noBackgroundColor>true</noBackgroundColor>
<noForegroundColor>true</noForegroundColor>
</sourceLabel>
<targetLabel class="oracle.dbtools.crest.model.design.Label">
<site>2</site>
<labelBounds x="1081" y="344" width="39" height="30"/>
<noBackgroundColor>true</noBackgroundColor>
<noForegroundColor>true</noForegroundColor>
</targetLabel>
<points>
<point x="1192" y="308"/>
<point x="1071" y="380"/>
</points>
</Connector>
<Connector class="oracle.dbtools.crest.swingui.logical.TVRelation" oid="BEF71FCA-0327-5DFA-3EB8-154A735C68F0" otype="Relation" vid_source="C0649325-5BFB-EC5C-FC5E-A0359CFE1816" vid_target="BD02DACD-0487-FF10-3F53-26D80B5D2E20">
<hideElementsInCurrentOnly>false</hideElementsInCurrentOnly>
<backgroundColor>-16777216</backgroundColor>
<lineWidth>1</lineWidth>
<points>
<point x="947" y="302"/>
<point x="964" y="380"/>
</points>
</Connector>
<Connector class="oracle.dbtools.crest.swingui.logical.TVRelation" oid="FFBBDF4C-AE17-C0C0-8932-BA47C91DEB8F" otype="Relation" vid_source="8D10C974-224D-472E-C88B-B6D42ADAF985" vid_target="BD02DACD-0487-FF10-3F53-26D80B5D2E20">
<hideElementsInCurrentOnly>false</hideElementsInCurrentOnly>
<backgroundColor>-16777216</backgroundColor>
<lineWidth>1</lineWidth>
<sourceLabel class="oracle.dbtools.crest.model.design.Label">
<site>0</site>
<labelBounds x="1144" y="455" width="70" height="30"/>
<noBackgroundColor>true</noBackgroundColor>
<noForegroundColor>true</noForegroundColor>
</sourceLabel>
<targetLabel class="oracle.dbtools.crest.model.design.Label">
<site>2</site>
<labelBounds x="1081" y="456" width="42" height="30"/>
<noBackgroundColor>true</noBackgroundColor>
<noForegroundColor>true</noForegroundColor>
</targetLabel>
<points>
<point x="1220" y="455"/>
<point x="1071" y="456"/>
</points>
</Connector>
</connectors>
</Diagram>