<?xml version = '1.0' encoding = 'UTF-8'?>
<relationalModel class="oracle.dbtools.crest.model.design.relational.RelationalDesign" name="Relational_1" id="FD010AB0-D2CD-9CF8-F7B1-D79A74DD5131" mainViewID="1B6C2EB9-EAF3-66FF-83C8-6D5AB225067F">
<createdBy>fcord</createdBy>
<createdTime>2025-09-02 00:35:40 UTC</createdTime>
<ownerDesignName>Exp1_S3_Francisco_Cordova</ownerDesignName>
<shouldBeOpen>false</shouldBeOpen>
<selectedRDBMSSite>32076570-2523-435C-2E92-BF29817DFF70</selectedRDBMSSite>
</relationalModel>