<?xml version = '1.0' encoding = 'UTF-8'?>
<relationalModel class="oracle.dbtools.crest.model.design.relational.RelationalDesign" name="Relational_1" id="8F2E8C71-C5F4-BE5C-E522-4E2E8C63BEED" mainViewID="E5C0C5D3-A957-EFDA-790C-797325974A2A">
<createdBy>fcord</createdBy>
<createdTime>2025-08-18 22:46:46 UTC</createdTime>
<ownerDesignName>TareaSemana1</ownerDesignName>
<shouldBeOpen>false</shouldBeOpen>
<selectedRDBMSSite>32076570-2523-435C-2E92-BF29817DFF70</selectedRDBMSSite>
</relationalModel>