<?xml version = '1.0' encoding = 'UTF-8'?>
<Diagram class="oracle.dbtools.crest.swingui.logical.DPVLogical" name="Logical" id="2C53D1BB-F229-0FBC-301B-8FB794008FEB">
<createdBy>fcord</createdBy>
<modifiedBy>fcord</modifiedBy>
<createdTime>2025-08-18 23:32:56 UTC</createdTime>
<autoRoute>false</autoRoute>
<boxInbox>true</boxInbox>
<showLegend>false</showLegend>
<showLabels>false</showLabels>
<showRelAttributes>false</showRelAttributes>
<gridEnabled>false</gridEnabled>
<showGrid>false</showGrid>
<diagramColor>-1</diagramColor>
<display>false</display>
<notation>0</notation>
<objectViews>
<OView class="oracle.dbtools.crest.swingui.logical.TVEntity" oid="1E95CE60-79AB-6646-F668-37B8D208D0B1" otype="Entity" vid="F321C7A2-AD7F-4355-C958-30E43DCECEB0">
<hideElementsInCurrentOnly>false</hideElementsInCurrentOnly>
<bounds x="173" y="185" width="230" height="98"/>
</OView>
<OView class="oracle.dbtools.crest.swingui.logical.TVEntity" oid="5FBA141D-B5FE-F68F-D45B-BBCFD89F6A47" otype="Entity" vid="F1B17ECD-83FD-9B77-F588-E19E04CA10D6">
<hideElementsInCurrentOnly>false</hideElementsInCurrentOnly>
<bounds x="68" y="45" width="206" height="134"/>
</OView>
<OView class="oracle.dbtools.crest.swingui.logical.TVEntity" oid="F4F482B6-30C9-8E65-DEBE-B312804A3A8B" otype="Entity" vid="B89DD2A2-C104-D26D-F6FB-03ACB26C73FC">
<hideElementsInCurrentOnly>false</hideElementsInCurrentOnly>
<bounds x="282" y="50" width="217" height="118"/>
</OView>
</objectViews>
</Diagram>