<?xml version = '1.0' encoding = 'UTF-8'?>
<Entity class="oracle.dbtools.crest.model.design.logical.Entity" directorySegmentName="seg_0" id="B1F12C0C-1677-2F47-F0A1-0ACC40C0DAD8" name="Médico">
<createdBy>fcord</createdBy>
<createdTime>2025-09-02 01:04:12 UTC</createdTime>
<ownerDesignName>Exp1_S3_Francisco_Cordova</ownerDesignName>
<engineerTo>
<item key="FD010AB0-D2CD-9CF8-F7B1-D79A74DD5131" value="true"/>
</engineerTo>
<adequatelyNormalized>NO</adequatelyNormalized>
<expectedVolumes>0</expectedVolumes>
<fwdEngineeringStrategyName>Single Table</fwdEngineeringStrategyName>
<growthPercent>0</growthPercent>
<growthType>Year</growthType>
<hierarchicalParent>4DB4247C-074D-20AA-CA38-3173D892B8ED</hierarchicalParent>
<maxVolumes>9999999</maxVolumes>
<minVolumes>0</minVolumes>
<normalForm>Third</normalForm>
<attributes itemClass="oracle.dbtools.crest.model.design.logical.Attribute">
<Attribute name="rut_personal" id="01311D90-86B9-18E2-F66A-35243FDAF906">
<createdBy>fcord</createdBy>
<createdTime>2025-09-02 02:18:02 UTC</createdTime>
<generatorID>C6011479-60E3-3275-EB40-315EE88340C1</generatorID>
<ownerDesignName>Exp1_S3_Francisco_Cordova</ownerDesignName>
<engineerTo>
<item key="FD010AB0-D2CD-9CF8-F7B1-D79A74DD5131" value="true"/>
</engineerTo>
<nullsAllowed>true</nullsAllowed>
<referedAttribute>D47A7591-58B3-CBB6-4F38-93ECE7E0F248</referedAttribute>
<useDomainConstraints>false</useDomainConstraints>
<use>1</use>
<logicalDatatype>LOGDT019</logicalDatatype>
<dataTypePrecision>9</dataTypePrecision>
<ownDataTypeParameters>,,</ownDataTypeParameters>
</Attribute>
<Attribute name="id_residencia" id="C9DAB4C3-45E1-E595-94C7-A488A15F6E43">
<createdBy>fcord</createdBy>
<createdTime>2025-09-02 02:18:02 UTC</createdTime>
<generatorID>C6011479-60E3-3275-EB40-315EE88340C1</generatorID>
<ownerDesignName>Exp1_S3_Francisco_Cordova</ownerDesignName>
<engineerTo>
<item key="FD010AB0-D2CD-9CF8-F7B1-D79A74DD5131" value="true"/>
</engineerTo>
<nullsAllowed>true</nullsAllowed>
<referedAttribute>7503E663-37EE-79B7-89AB-44C675A5A945</referedAttribute>
<useDomainConstraints>false</useDomainConstraints>
<use>1</use>
<logicalDatatype>LOGDT019</logicalDatatype>
<ownDataTypeParameters>,,</ownDataTypeParameters>
</Attribute>
<Attribute name="rut_medico_supervisor" id="2D645D0B-78B7-2DAF-44A4-157B8F6DB366">
<createdBy>fcord</createdBy>
<createdTime>2025-09-02 02:21:14 UTC</createdTime>
<ownerDesignName>Exp1_S3_Francisco_Cordova</ownerDesignName>
<engineerTo>
<item key="FD010AB0-D2CD-9CF8-F7B1-D79A74DD5131" value="true"/>
</engineerTo>
<nullsAllowed>true</nullsAllowed>
<useDomainConstraints>false</useDomainConstraints>
<use>1</use>
<ownDataTypeParameters>,,</ownDataTypeParameters>
</Attribute>
</attributes>
</Entity>