<?xml version = '1.0' encoding = 'UTF-8'?>
<Entity class="oracle.dbtools.crest.model.design.logical.Entity" directorySegmentName="seg_0" id="EC59D639-7F60-E568-8F0D-0F3FDD2EE5D4" name="Contrato">
<createdBy>fcord</createdBy>
<createdTime>2025-09-02 01:01:44 UTC</createdTime>
<ownerDesignName>Exp1_S3_Francisco_Cordova</ownerDesignName>
<engineerTo>
<item key="FD010AB0-D2CD-9CF8-F7B1-D79A74DD5131" value="true"/>
</engineerTo>
<adequatelyNormalized>NO</adequatelyNormalized>
<expectedVolumes>0</expectedVolumes>
<fwdEngineeringStrategyName>Single Table</fwdEngineeringStrategyName>
<growthPercent>0</growthPercent>
<growthType>Year</growthType>
<maxVolumes>9999999</maxVolumes>
<minVolumes>0</minVolumes>
<normalForm>Third</normalForm>
<attributes itemClass="oracle.dbtools.crest.model.design.logical.Attribute">
<Attribute name="id_contrato" id="E09F39E4-BD5F-7EE9-E765-70456B27B529">
<createdBy>fcord</createdBy>
<createdTime>2025-09-02 01:36:58 UTC</createdTime>
<ownerDesignName>Exp1_S3_Francisco_Cordova</ownerDesignName>
<engineerTo>
<item key="FD010AB0-D2CD-9CF8-F7B1-D79A74DD5131" value="true"/>
</engineerTo>
<useDomainConstraints>false</useDomainConstraints>
<use>1</use>
<logicalDatatype>LOGDT019</logicalDatatype>
<ownDataTypeParameters>,,</ownDataTypeParameters>
</Attribute>
<Attribute name="fecha_firma" id="86D73E35-BC6A-1C0A-BA70-940391836FA3">
<createdBy>fcord</createdBy>
<createdTime>2025-09-02 01:37:07 UTC</createdTime>
<ownerDesignName>Exp1_S3_Francisco_Cordova</ownerDesignName>
<engineerTo>
<item key="FD010AB0-D2CD-9CF8-F7B1-D79A74DD5131" value="true"/>
</engineerTo>
<useDomainConstraints>false</useDomainConstraints>
<use>1</use>
<logicalDatatype>LOGDT007</logicalDatatype>
<ownDataTypeParameters>,,</ownDataTypeParameters>
</Attribute>
<Attribute name="vigencia" id="E87FE235-FE39-F427-6165-603C0F49EBB1">
<createdBy>fcord</createdBy>
<createdTime>2025-09-02 01:37:22 UTC</createdTime>
<ownerDesignName>Exp1_S3_Francisco_Cordova</ownerDesignName>
<engineerTo>
<item key="FD010AB0-D2CD-9CF8-F7B1-D79A74DD5131" value="true"/>
</engineerTo>
<useDomainConstraints>false</useDomainConstraints>
<use>1</use>
<logicalDatatype>LOGDT024</logicalDatatype>
<dataTypeSize>50</dataTypeSize>
<ownDataTypeParameters>50,,</ownDataTypeParameters>
</Attribute>
<Attribute name="rut_apoderado" id="E907CD2B-F0C5-4147-0ADD-730908E98E7B">
<createdBy>fcord</createdBy>
<createdTime>2025-09-02 01:46:58 UTC</createdTime>
<generatorID>04AFB892-66D5-AF7E-B681-C24E7960476C</generatorID>
<ownerDesignName>Exp1_S3_Francisco_Cordova</ownerDesignName>
<engineerTo>
<item key="FD010AB0-D2CD-9CF8-F7B1-D79A74DD5131" value="true"/>
</engineerTo>
<referedAttribute>29DC7EBF-C0A7-6A00-713A-DBF2D54BBC1B</referedAttribute>
<useDomainConstraints>false</useDomainConstraints>
<use>1</use>
<logicalDatatype>LOGDT019</logicalDatatype>
<dataTypePrecision>12</dataTypePrecision>
<ownDataTypeParameters>,,</ownDataTypeParameters>
</Attribute>
</attributes>
<identifiers itemClass="oracle.dbtools.crest.model.design.logical.CandidateKey">
<identifier id="6A717E70-0C7B-CB8E-3F89-9C45255D413B" name="Contrato PK">
<createdBy>fcord</createdBy>
<createdTime>2025-09-02 01:37:06 UTC</createdTime>
<ownerDesignName>Exp1_S3_Francisco_Cordova</ownerDesignName>
<engineerTo>
<item key="FD010AB0-D2CD-9CF8-F7B1-D79A74DD5131" value="true"/>
</engineerTo>
<pk>true</pk>
<usedAttributes>
<attributeRef>E09F39E4-BD5F-7EE9-E765-70456B27B529</attributeRef>
<attributeRef>E907CD2B-F0C5-4147-0ADD-730908E98E7B</attributeRef>
</usedAttributes>
</identifier>
</identifiers>
</Entity>