<?xml version = '1.0' encoding = 'UTF-8'?>
<Entity class="oracle.dbtools.crest.model.design.logical.Entity" directorySegmentName="seg_0" id="FD270E5E-2371-5A43-D5B0-5A60AA6E92E3" name="Habitación">
<createdBy>fcord</createdBy>
<createdTime>2025-09-02 01:02:01 UTC</createdTime>
<ownerDesignName>Exp1_S3_Francisco_Cordova</ownerDesignName>
<engineerTo>
<item key="FD010AB0-D2CD-9CF8-F7B1-D79A74DD5131" value="true"/>
</engineerTo>
<adequatelyNormalized>NO</adequatelyNormalized>
<expectedVolumes>0</expectedVolumes>
<fwdEngineeringStrategyName>Single Table</fwdEngineeringStrategyName>
<growthPercent>0</growthPercent>
<growthType>Year</growthType>
<maxVolumes>9999999</maxVolumes>
<minVolumes>0</minVolumes>
<normalForm>Third</normalForm>
<attributes itemClass="oracle.dbtools.crest.model.design.logical.Attribute">
<Attribute name="id_habitacion" id="EB69A34B-1747-A14F-5887-1130EA0EC96C">
<createdBy>fcord</createdBy>
<createdTime>2025-09-02 01:38:30 UTC</createdTime>
<ownerDesignName>Exp1_S3_Francisco_Cordova</ownerDesignName>
<engineerTo>
<item key="FD010AB0-D2CD-9CF8-F7B1-D79A74DD5131" value="true"/>
</engineerTo>
<useDomainConstraints>false</useDomainConstraints>
<use>1</use>
<logicalDatatype>LOGDT019</logicalDatatype>
<ownDataTypeParameters>,,</ownDataTypeParameters>
</Attribute>
<Attribute name="tipo_habitacion" id="EA5EA4BB-520A-4ACA-CC78-CC5B0A1F1C2E">
<createdBy>fcord</createdBy>
<createdTime>2025-09-02 01:38:38 UTC</createdTime>
<ownerDesignName>Exp1_S3_Francisco_Cordova</ownerDesignName>
<engineerTo>
<item key="FD010AB0-D2CD-9CF8-F7B1-D79A74DD5131" value="true"/>
</engineerTo>
<useDomainConstraints>false</useDomainConstraints>
<use>1</use>
<logicalDatatype>LOGDT024</logicalDatatype>
<dataTypeSize>20 CHAR</dataTypeSize>
<ownDataTypeParameters>20 CHAR,,</ownDataTypeParameters>
</Attribute>
<Attribute name="capacidad" id="1D07D98D-B07C-09E7-7939-FAC3E6782E3D">
<createdBy>fcord</createdBy>
<createdTime>2025-09-02 01:38:52 UTC</createdTime>
<ownerDesignName>Exp1_S3_Francisco_Cordova</ownerDesignName>
<engineerTo>
<item key="FD010AB0-D2CD-9CF8-F7B1-D79A74DD5131" value="true"/>
</engineerTo>
<useDomainConstraints>false</useDomainConstraints>
<use>1</use>
<logicalDatatype>LOGDT019</logicalDatatype>
<dataTypePrecision>2</dataTypePrecision>
<ownDataTypeParameters>,2,</ownDataTypeParameters>
</Attribute>
<Attribute name="id_residencia" id="7A924FDD-0491-3687-38DD-F35CF06C514E">
<createdBy>fcord</createdBy>
<createdTime>2025-09-02 01:44:43 UTC</createdTime>
<generatorID>9E0E7979-7CFE-639A-92BF-BC7E51170BFA</generatorID>
<ownerDesignName>Exp1_S3_Francisco_Cordova</ownerDesignName>
<engineerTo>
<item key="FD010AB0-D2CD-9CF8-F7B1-D79A74DD5131" value="true"/>
</engineerTo>
<referedAttribute>87F1A6D3-41DF-A952-31C9-82086B69E759</referedAttribute>
<useDomainConstraints>false</useDomainConstraints>
<use>1</use>
<logicalDatatype>LOGDT019</logicalDatatype>
<ownDataTypeParameters>,,</ownDataTypeParameters>
</Attribute>
<Attribute name="rut_residente" id="1B0CF143-128C-1722-0C3B-BC20B0BE82CF">
<createdBy>fcord</createdBy>
<createdTime>2025-09-02 02:53:00 UTC</createdTime>
<generatorID>77CE9911-EF68-0466-12C8-3B92C7336B50</generatorID>
<ownerDesignName>Exp1_S3_Francisco_Cordova</ownerDesignName>
<engineerTo>
<item key="FD010AB0-D2CD-9CF8-F7B1-D79A74DD5131" value="true"/>
</engineerTo>
<nullsAllowed>true</nullsAllowed>
<referedAttribute>CE46CC02-625E-E938-3610-AA89563F55C0</referedAttribute>
<useDomainConstraints>false</useDomainConstraints>
<use>1</use>
<logicalDatatype>LOGDT019</logicalDatatype>
<dataTypePrecision>9</dataTypePrecision>
<ownDataTypeParameters>,,</ownDataTypeParameters>
</Attribute>
</attributes>
<identifiers itemClass="oracle.dbtools.crest.model.design.logical.CandidateKey">
<identifier id="7217E51A-4873-F629-96EF-AAFA0FE8F342" name="Habitación PK">
<createdBy>fcord</createdBy>
<createdTime>2025-09-02 01:38:32 UTC</createdTime>
<ownerDesignName>Exp1_S3_Francisco_Cordova</ownerDesignName>
<engineerTo>
<item key="FD010AB0-D2CD-9CF8-F7B1-D79A74DD5131" value="true"/>
</engineerTo>
<pk>true</pk>
<usedAttributes>
<attributeRef>EB69A34B-1747-A14F-5887-1130EA0EC96C</attributeRef>
</usedAttributes>
</identifier>
</identifiers>
</Entity>