<?xml version = '1.0' encoding = 'UTF-8'?>
<Table class="oracle.dbtools.crest.model.design.relational.Table" directorySegmentName="seg_0" id="6231014C-79AF-7EA9-3ADD-3E18DA0E3D39" name="Pago">
<createdBy>fcord</createdBy>
<createdTime>2025-09-16 00:56:32 UTC</createdTime>
<generatorID>FA78E6A9-F3BE-D8D6-3C89-63F70D3883CF</generatorID>
<ownerDesignName>modelo_relacional</ownerDesignName>
<allowColumnReorder>false</allowColumnReorder>
<existDependencyGenerateInDDl>true</existDependencyGenerateInDDl>
<parsed>true</parsed>
<columns itemClass="oracle.dbtools.crest.model.design.relational.Column">
<Column name="id_pago" id="FF138965-0878-DA02-EFBA-2EA54E84C3CA">
<createdBy>fcord</createdBy>
<createdTime>2025-09-16 00:56:32 UTC</createdTime>
<generatorID>BE3ACFFE-0E46-C299-4A99-5140DCDB9B53</generatorID>
<ownerDesignName>modelo_relacional</ownerDesignName>
<useDomainConstraints>false</useDomainConstraints>
<use>1</use>
<logicalDatatype>LOGDT019</logicalDatatype>
<dataTypePrecision>20</dataTypePrecision>
<ownDataTypeParameters>,20,</ownDataTypeParameters>
<autoIncrementCycle>false</autoIncrementCycle>
</Column>
<Column name="monto_cancelado" id="AE773F54-4BC1-34EC-3C00-2033C736CC13">
<createdBy>fcord</createdBy>
<createdTime>2025-09-16 00:56:32 UTC</createdTime>
<generatorID>F29AF62E-0115-C06B-34C0-DBCA27C4EA40</generatorID>
<ownerDesignName>modelo_relacional</ownerDesignName>
<useDomainConstraints>false</useDomainConstraints>
<use>1</use>
<logicalDatatype>LOGDT019</logicalDatatype>
<dataTypePrecision>10</dataTypePrecision>
<ownDataTypeParameters>,10,</ownDataTypeParameters>
<autoIncrementCycle>false</autoIncrementCycle>
</Column>
<Column name="tipo_pago" id="2F6437A7-FF0F-D1F0-53F6-6DD584EF7709">
<createdBy>fcord</createdBy>
<createdTime>2025-09-16 00:56:32 UTC</createdTime>
<generatorID>5838639E-177C-566F-C8D3-7D93981ECE32</generatorID>
<ownerDesignName>modelo_relacional</ownerDesignName>
<useDomainConstraints>false</useDomainConstraints>
<use>1</use>
<logicalDatatype>LOGDT024</logicalDatatype>
<dataTypeSize>20</dataTypeSize>
<ownDataTypeParameters>20,,</ownDataTypeParameters>
<autoIncrementCycle>false</autoIncrementCycle>
</Column>
<Column name="fecha_pago" id="A12D65D9-5A8A-D7F8-CCD1-789CBDAD8D41">
<createdBy>fcord</createdBy>
<createdTime>2025-09-16 00:56:32 UTC</createdTime>
<generatorID>9B4CA506-49A7-22CC-8CFA-1DB1DFE7B7E3</generatorID>
<ownerDesignName>modelo_relacional</ownerDesignName>
<useDomainConstraints>false</useDomainConstraints>
<use>1</use>
<logicalDatatype>LOGDT007</logicalDatatype>
<ownDataTypeParameters>,,</ownDataTypeParameters>
<autoIncrementCycle>false</autoIncrementCycle>
</Column>
<Column name="Atencion_medica_id_atencion" id="21E01524-C817-66E2-7D09-0D5AC0526D3D">
<createdBy>fcord</createdBy>
<createdTime>2025-09-16 00:56:32 UTC</createdTime>
<generatorID>BD47A8A5-1121-8C81-5816-AE82E5537A02</generatorID>
<ownerDesignName>modelo_relacional</ownerDesignName>
<useDomainConstraints>false</useDomainConstraints>
<use>1</use>
<logicalDatatype>LOGDT019</logicalDatatype>
<dataTypePrecision>20</dataTypePrecision>
<ownDataTypeParameters>,,</ownDataTypeParameters>
<previousColumn>false</previousColumn>
<autoIncrementCycle>false</autoIncrementCycle>
<associations>
<colAssociation fkAssociation="70E8A466-F2EE-779B-5996-9D4ED1EDB8B4" referredColumn="DECC675F-EC46-E9AD-1C88-DACDBDFBDEFC"/>
</associations>
</Column>
<Column name="Atencion_medica_Paciente_rut_paciente" id="243EF878-4083-F3DB-913C-EB6BA0157AAD">
<createdBy>fcord</createdBy>
<createdTime>2025-09-16 00:56:32 UTC</createdTime>
<generatorID>99D6471D-F4C5-9ED7-8613-772C16AE330A</generatorID>
<ownerDesignName>modelo_relacional</ownerDesignName>
<useDomainConstraints>false</useDomainConstraints>
<use>1</use>
<logicalDatatype>LOGDT019</logicalDatatype>
<dataTypePrecision>9</dataTypePrecision>
<ownDataTypeParameters>,,</ownDataTypeParameters>
<previousColumn>false</previousColumn>
<autoIncrementCycle>false</autoIncrementCycle>
<associations>
<colAssociation fkAssociation="70E8A466-F2EE-779B-5996-9D4ED1EDB8B4" referredColumn="DF91F00A-579B-D418-5056-0447531B5AEC"/>
</associations>
</Column>
</columns>
<indexes itemClass="oracle.dbtools.crest.model.design.relational.Index">
<ind_PK_UK id="124D26BE-925B-52C1-2421-B98851DCD643" name="Pago_PK">
<createdBy>fcord</createdBy>
<createdTime>2025-09-16 00:56:32 UTC</createdTime>
<generatorID>3DBB8298-C6EA-EA98-8282-429E0E3F47A7</generatorID>
<ownerDesignName>modelo_relacional</ownerDesignName>
<pk>true</pk>
<indexState>Primary Constraint</indexState>
<isSurrogateKey>false</isSurrogateKey>
<indexColumnUsage>
<colUsage columnID="FF138965-0878-DA02-EFBA-2EA54E84C3CA"/>
</indexColumnUsage>
</ind_PK_UK>
<ind_PK_UK id="2F440250-5BF7-269B-137C-5E42E6468D27" name="Pago__IDX">
<createdBy>fcord</createdBy>
<createdTime>2025-09-16 00:56:32 UTC</createdTime>
<ownerDesignName>modelo_relacional</ownerDesignName>
<indexState>Unique Plain Index</indexState>
<isSurrogateKey>false</isSurrogateKey>
<relationGeneratorID>3DCE0E37-8776-FCA1-1ACD-88CBB9EBD132</relationGeneratorID>
<indexColumnUsage>
<colUsage columnID="21E01524-C817-66E2-7D09-0D5AC0526D3D"/>
<colUsage columnID="243EF878-4083-F3DB-913C-EB6BA0157AAD"/>
</indexColumnUsage>
</ind_PK_UK>
<ind_PK_UK id="B96EAB68-258B-CFA5-D9DF-435826D844C4" name="Pago_Atencion_medica_FK">
<createdBy>fcord</createdBy>
<createdTime>2025-09-16 00:56:32 UTC</createdTime>
<generatorID>3DCE0E37-8776-FCA1-1ACD-88CBB9EBD132</generatorID>
<ownerDesignName>modelo_relacional</ownerDesignName>
<indexState>Foreign Key</indexState>
<isSurrogateKey>false</isSurrogateKey>
<indexColumnUsage>
<colUsage columnID="21E01524-C817-66E2-7D09-0D5AC0526D3D"/>
<colUsage columnID="243EF878-4083-F3DB-913C-EB6BA0157AAD"/>
</indexColumnUsage>
</ind_PK_UK>
</indexes>
</Table>