<?xml version = '1.0' encoding = 'UTF-8'?>
<Table class="oracle.dbtools.crest.model.design.relational.Table" directorySegmentName="seg_0" id="7EC229F1-60E5-9A58-5259-C958ACCEB83E" name="AFP">
<createdBy>fcord</createdBy>
<createdTime>2025-09-16 00:56:32 UTC</createdTime>
<generatorID>6B264718-062D-CEC7-F8B3-C7F28A5FB502</generatorID>
<ownerDesignName>modelo_relacional</ownerDesignName>
<allowColumnReorder>false</allowColumnReorder>
<existDependencyGenerateInDDl>true</existDependencyGenerateInDDl>
<parsed>true</parsed>
<columns itemClass="oracle.dbtools.crest.model.design.relational.Column">
<Column name="id_afp" id="D61D68CE-BF96-CC6C-B936-30D91A3233BD">
<createdBy>fcord</createdBy>
<createdTime>2025-09-16 00:56:32 UTC</createdTime>
<generatorID>769D9912-7846-DEC1-12FF-F72DE299D755</generatorID>
<ownerDesignName>modelo_relacional</ownerDesignName>
<useDomainConstraints>false</useDomainConstraints>
<use>1</use>
<logicalDatatype>LOGDT019</logicalDatatype>
<dataTypePrecision>10</dataTypePrecision>
<ownDataTypeParameters>,10,</ownDataTypeParameters>
<autoIncrementCycle>false</autoIncrementCycle>
</Column>
<Column name="nombre_afp" id="37BCA834-6BD6-5245-1D31-A3FDAD1C9C74">
<createdBy>fcord</createdBy>
<createdTime>2025-09-16 00:56:32 UTC</createdTime>
<generatorID>6AF9EC7A-7D13-B5CE-282C-AC0D83383A05</generatorID>
<ownerDesignName>modelo_relacional</ownerDesignName>
<useDomainConstraints>false</useDomainConstraints>
<use>1</use>
<logicalDatatype>LOGDT024</logicalDatatype>
<dataTypeSize>20</dataTypeSize>
<ownDataTypeParameters>20,,</ownDataTypeParameters>
<autoIncrementCycle>false</autoIncrementCycle>
</Column>
</columns>
<indexes itemClass="oracle.dbtools.crest.model.design.relational.Index">
<ind_PK_UK id="DF3B7CB9-DF94-EB08-DC86-CA90EA47067D" name="AFP_PK">
<createdBy>fcord</createdBy>
<createdTime>2025-09-16 00:56:32 UTC</createdTime>
<generatorID>67880338-1915-7B6C-ADA1-640B480DAFCE</generatorID>
<ownerDesignName>modelo_relacional</ownerDesignName>
<pk>true</pk>
<indexState>Primary Constraint</indexState>
<isSurrogateKey>false</isSurrogateKey>
<indexColumnUsage>
<colUsage columnID="D61D68CE-BF96-CC6C-B936-30D91A3233BD"/>
</indexColumnUsage>
</ind_PK_UK>
</indexes>
</Table>