<?xml version = '1.0' encoding = 'UTF-8'?>
<Table class="oracle.dbtools.crest.model.design.relational.Table" directorySegmentName="seg_0" id="B1CDB2FF-314B-F145-A27B-1045EF0BAC43" name="Institucion_salud">
<createdBy>fcord</createdBy>
<createdTime>2025-09-16 00:56:32 UTC</createdTime>
<generatorID>59783726-34EE-B0B0-296F-9F1A3B9F5F0B</generatorID>
<ownerDesignName>modelo_relacional</ownerDesignName>
<allowColumnReorder>false</allowColumnReorder>
<existDependencyGenerateInDDl>true</existDependencyGenerateInDDl>
<parsed>true</parsed>
<columns itemClass="oracle.dbtools.crest.model.design.relational.Column">
<Column name="id_inst_salud" id="CDCF9481-AB1B-4929-6D99-EC76A451A50D">
<createdBy>fcord</createdBy>
<createdTime>2025-09-16 00:56:32 UTC</createdTime>
<generatorID>DEF24BF1-B38B-3CC1-0045-E727B697EB5E</generatorID>
<ownerDesignName>modelo_relacional</ownerDesignName>
<useDomainConstraints>false</useDomainConstraints>
<use>1</use>
<logicalDatatype>LOGDT019</logicalDatatype>
<dataTypePrecision>10</dataTypePrecision>
<ownDataTypeParameters>,10,</ownDataTypeParameters>
<autoIncrementCycle>false</autoIncrementCycle>
</Column>
<Column name="nombre_inst_salud" id="4CE448E8-01E3-30BF-0F59-A7001C173B50">
<createdBy>fcord</createdBy>
<createdTime>2025-09-16 00:56:32 UTC</createdTime>
<generatorID>73F30BC8-7CB2-A7CD-EC0B-6976B8BE1107</generatorID>
<ownerDesignName>modelo_relacional</ownerDesignName>
<useDomainConstraints>false</useDomainConstraints>
<use>1</use>
<logicalDatatype>LOGDT024</logicalDatatype>
<dataTypeSize>100</dataTypeSize>
<ownDataTypeParameters>100,,</ownDataTypeParameters>
<autoIncrementCycle>false</autoIncrementCycle>
</Column>
<Column name="tipo" id="BF91F7D9-BEDE-C9A9-4177-096FBD774CCB">
<createdBy>fcord</createdBy>
<createdTime>2025-09-16 00:56:32 UTC</createdTime>
<generatorID>9FD30BBF-6FFD-27E6-24CA-4AEF525C8188</generatorID>
<ownerDesignName>modelo_relacional</ownerDesignName>
<useDomainConstraints>false</useDomainConstraints>
<use>1</use>
<logicalDatatype>LOGDT024</logicalDatatype>
<dataTypeSize>20</dataTypeSize>
<ownDataTypeParameters>20,,</ownDataTypeParameters>
<autoIncrementCycle>false</autoIncrementCycle>
</Column>
</columns>
<indexes itemClass="oracle.dbtools.crest.model.design.relational.Index">
<ind_PK_UK id="DF0775E2-4770-F087-8B92-BF6CD3C4FA04" name="Institucion_salud_PK">
<createdBy>fcord</createdBy>
<createdTime>2025-09-16 00:56:32 UTC</createdTime>
<generatorID>E95933C1-9F4A-5F33-5678-F13C2ED0F978</generatorID>
<ownerDesignName>modelo_relacional</ownerDesignName>
<pk>true</pk>
<indexState>Primary Constraint</indexState>
<isSurrogateKey>false</isSurrogateKey>
<indexColumnUsage>
<colUsage columnID="CDCF9481-AB1B-4929-6D99-EC76A451A50D"/>
</indexColumnUsage>
</ind_PK_UK>
</indexes>
</Table>