<?xml version = '1.0' encoding = 'UTF-8'?>
<Table class="oracle.dbtools.crest.model.design.relational.Table" directorySegmentName="seg_0" id="BB86805D-305D-1030-7ADF-9D2161259511" name="Atencion_medica">
<createdBy>fcord</createdBy>
<createdTime>2025-09-16 00:56:32 UTC</createdTime>
<generatorID>1710031C-6AD2-233B-8AD2-04F36807557A</generatorID>
<ownerDesignName>modelo_relacional</ownerDesignName>
<allowColumnReorder>false</allowColumnReorder>
<existDependencyGenerateInDDl>true</existDependencyGenerateInDDl>
<parsed>true</parsed>
<columns itemClass="oracle.dbtools.crest.model.design.relational.Column">
<Column name="id_atencion" id="DECC675F-EC46-E9AD-1C88-DACDBDFBDEFC">
<createdBy>fcord</createdBy>
<createdTime>2025-09-16 00:56:32 UTC</createdTime>
<generatorID>A0659C5E-4FF9-D9B2-9504-E445EA33BBF8</generatorID>
<ownerDesignName>modelo_relacional</ownerDesignName>
<useDomainConstraints>false</useDomainConstraints>
<use>1</use>
<logicalDatatype>LOGDT019</logicalDatatype>
<dataTypePrecision>20</dataTypePrecision>
<ownDataTypeParameters>,20,</ownDataTypeParameters>
<autoIncrementCycle>false</autoIncrementCycle>
</Column>
<Column name="fecha" id="17EAA024-9ED5-CD39-5B01-A87E2CFE2F80">
<createdBy>fcord</createdBy>
<createdTime>2025-09-16 00:56:32 UTC</createdTime>
<generatorID>69F7CF6E-C321-B273-D8FE-379E5FF64E6F</generatorID>
<ownerDesignName>modelo_relacional</ownerDesignName>
<useDomainConstraints>false</useDomainConstraints>
<use>1</use>
<logicalDatatype>LOGDT007</logicalDatatype>
<ownDataTypeParameters>,,</ownDataTypeParameters>
<autoIncrementCycle>false</autoIncrementCycle>
</Column>
<Column name="tipo_atencion" id="58F8C347-05BD-A698-0D7D-0C3A9B87DEFB">
<createdBy>fcord</createdBy>
<createdTime>2025-09-16 00:56:32 UTC</createdTime>
<generatorID>F9D44BD1-3E7A-49EE-0FDA-357CE77B9FAE</generatorID>
<ownerDesignName>modelo_relacional</ownerDesignName>
<useDomainConstraints>false</useDomainConstraints>
<use>1</use>
<logicalDatatype>LOGDT024</logicalDatatype>
<dataTypeSize>10</dataTypeSize>
<ownDataTypeParameters>10,,</ownDataTypeParameters>
<autoIncrementCycle>false</autoIncrementCycle>
</Column>
<Column name="diagnostico" id="B626BE6D-4A66-345A-17F2-E55CD467581B">
<createdBy>fcord</createdBy>
<createdTime>2025-09-16 00:56:32 UTC</createdTime>
<generatorID>F1C619E1-EF01-07D4-DE55-293A01C03CAD</generatorID>
<ownerDesignName>modelo_relacional</ownerDesignName>
<useDomainConstraints>false</useDomainConstraints>
<use>1</use>
<logicalDatatype>LOGDT024</logicalDatatype>
<dataTypeSize>100</dataTypeSize>
<ownDataTypeParameters>100,,</ownDataTypeParameters>
<autoIncrementCycle>false</autoIncrementCycle>
</Column>
<Column name="modalidad" id="8A90C060-734E-424D-D19B-936A03874D3C">
<createdBy>fcord</createdBy>
<createdTime>2025-09-16 00:56:32 UTC</createdTime>
<generatorID>C239DB91-1471-A410-89AE-58BF63EE1C06</generatorID>
<ownerDesignName>modelo_relacional</ownerDesignName>
<useDomainConstraints>false</useDomainConstraints>
<use>1</use>
<logicalDatatype>LOGDT024</logicalDatatype>
<dataTypeSize>10</dataTypeSize>
<ownDataTypeParameters>10,,</ownDataTypeParameters>
<autoIncrementCycle>false</autoIncrementCycle>
</Column>
<Column name="Paciente_rut_paciente" id="DF91F00A-579B-D418-5056-0447531B5AEC">
<createdBy>fcord</createdBy>
<createdTime>2025-09-16 00:56:32 UTC</createdTime>
<generatorID>89082AD4-173C-1EF4-6D28-489B4160783B</generatorID>
<ownerDesignName>modelo_relacional</ownerDesignName>
<useDomainConstraints>false</useDomainConstraints>
<use>1</use>
<logicalDatatype>LOGDT019</logicalDatatype>
<dataTypePrecision>9</dataTypePrecision>
<ownDataTypeParameters>,,</ownDataTypeParameters>
<previousColumn>false</previousColumn>
<autoIncrementCycle>false</autoIncrementCycle>
<associations>
<colAssociation fkAssociation="A050CC9C-6AB9-4FDB-7FCE-9BD7A741547D" referredColumn="C1314609-16C7-6682-046C-BB26D3FE43F6"/>
</associations>
</Column>
<Column name="Medico_rut_medico" id="C62AF104-90B7-87BB-5793-FFC03E3E6DEC">
<createdBy>fcord</createdBy>
<createdTime>2025-09-16 00:56:32 UTC</createdTime>
<generatorID>E8D0CA3C-4E2D-12AA-A7B3-8F4654494934</generatorID>
<ownerDesignName>modelo_relacional</ownerDesignName>
<useDomainConstraints>false</useDomainConstraints>
<use>1</use>
<logicalDatatype>LOGDT019</logicalDatatype>
<dataTypePrecision>9</dataTypePrecision>
<ownDataTypeParameters>,,</ownDataTypeParameters>
<previousColumn>false</previousColumn>
<autoIncrementCycle>false</autoIncrementCycle>
<associations>
<colAssociation fkAssociation="2CBFE9CD-F77E-1D10-6219-07E2D8F9A5B1" referredColumn="181372EC-A690-969A-C04C-DF59BF8805CF"/>
</associations>
</Column>
<Column name="Medico_AFP_id_afp" id="2335C6F7-434C-7461-2B5C-7AB033113D23">
<createdBy>fcord</createdBy>
<createdTime>2025-09-16 00:56:32 UTC</createdTime>
<generatorID>3DF2057F-8D70-34E0-E76A-E32EF9A930DF</generatorID>
<ownerDesignName>modelo_relacional</ownerDesignName>
<useDomainConstraints>false</useDomainConstraints>
<use>1</use>
<logicalDatatype>LOGDT019</logicalDatatype>
<dataTypePrecision>10</dataTypePrecision>
<ownDataTypeParameters>,,</ownDataTypeParameters>
<previousColumn>false</previousColumn>
<autoIncrementCycle>false</autoIncrementCycle>
<associations>
<colAssociation fkAssociation="2CBFE9CD-F77E-1D10-6219-07E2D8F9A5B1" referredColumn="F3DA0916-B109-75E0-BC62-BDA77168E314"/>
</associations>
</Column>
</columns>
<indexes itemClass="oracle.dbtools.crest.model.design.relational.Index">
<ind_PK_UK id="55DBF380-F88F-CB28-9C53-6735A81C9760" name="Atencion_medica_PK">
<createdBy>fcord</createdBy>
<createdTime>2025-09-16 00:56:32 UTC</createdTime>
<generatorID>210DC21E-264D-28F4-906B-5CA5C410BA19</generatorID>
<ownerDesignName>modelo_relacional</ownerDesignName>
<pk>true</pk>
<indexState>Primary Constraint</indexState>
<isSurrogateKey>false</isSurrogateKey>
<indexColumnUsage>
<colUsage columnID="DECC675F-EC46-E9AD-1C88-DACDBDFBDEFC"/>
<colUsage columnID="DF91F00A-579B-D418-5056-0447531B5AEC"/>
</indexColumnUsage>
</ind_PK_UK>
<ind_PK_UK id="081A64E7-7CAA-6E32-93AC-11A7EA2BCB9C" name="Atencion_medica_Paciente_FK">
<createdBy>fcord</createdBy>
<createdTime>2025-09-16 00:56:32 UTC</createdTime>
<generatorID>6F9DC34E-3EFC-EEF4-120B-F67D9EAF9058</generatorID>
<ownerDesignName>modelo_relacional</ownerDesignName>
<indexState>Foreign Key</indexState>
<isSurrogateKey>false</isSurrogateKey>
<indexColumnUsage>
<colUsage columnID="DF91F00A-579B-D418-5056-0447531B5AEC"/>
</indexColumnUsage>
</ind_PK_UK>
<ind_PK_UK id="EE5430E3-75B3-A10C-D910-7334123FAFCD" name="Atencion_medica_Medico_FK">
<createdBy>fcord</createdBy>
<createdTime>2025-09-16 00:56:32 UTC</createdTime>
<generatorID>34817621-3CA3-9EA2-B0D0-EDA0B22F6C00</generatorID>
<ownerDesignName>modelo_relacional</ownerDesignName>
<indexState>Foreign Key</indexState>
<isSurrogateKey>false</isSurrogateKey>
<indexColumnUsage>
<colUsage columnID="C62AF104-90B7-87BB-5793-FFC03E3E6DEC"/>
<colUsage columnID="2335C6F7-434C-7461-2B5C-7AB033113D23"/>
</indexColumnUsage>
</ind_PK_UK>
</indexes>
</Table>