<?xml version = '1.0' encoding = 'UTF-8'?>
<Relation class="oracle.dbtools.crest.model.design.logical.Relation" name="Relation_5" directorySegmentName="seg_0" id="04AFB892-66D5-AF7E-B681-C24E7960476C">
<createdBy>fcord</createdBy>
<createdTime>2025-09-02 01:46:58 UTC</createdTime>
<ownerDesignName>Exp1_S3_Francisco_Cordova</ownerDesignName>
<engineerTo>
<item key="FD010AB0-D2CD-9CF8-F7B1-D79A74DD5131" value="true"/>
</engineerTo>
<sourcePk>159BAD14-1139-F64C-167B-A984CA969028</sourcePk>
<identifying>true</identifying>
<nameOnSource>firma </nameOnSource>
<nameOnTarget>firmado por</nameOnTarget>
<optionalSource>true</optionalSource>
<optionalTarget>false</optionalTarget>
<sourceCardinality>1</sourceCardinality>
<sourceEntity>003A68D8-12A7-0FEE-DE92-B657C84FF46B</sourceEntity>
<targetCardinalityString>*</targetCardinalityString>
<targetEntity>EC59D639-7F60-E568-8F0D-0F3FDD2EE5D4</targetEntity>
<transferable>true</transferable>
<deleteRule>NO ACTION</deleteRule>
</Relation>