<?xml version = '1.0' encoding = 'UTF-8'?>
<Relation class="oracle.dbtools.crest.model.design.logical.Relation" name="Relation_8" directorySegmentName="seg_0" id="0718D7D8-B70E-616D-9844-D70DFB96FE19">
<createdBy>fcord</createdBy>
<createdTime>2025-09-02 02:13:22 UTC</createdTime>
<ownerDesignName>Exp1_S3_Francisco_Cordova</ownerDesignName>
<engineerTo>
<item key="FD010AB0-D2CD-9CF8-F7B1-D79A74DD5131" value="true"/>
</engineerTo>
<sourcePk>698DE796-4E9F-9385-22DE-1806F4B4403F</sourcePk>
<identifying>false</identifying>
<nameOnSource>puede tener</nameOnSource>
<nameOnTarget>pertenece a solo un</nameOnTarget>
<optionalSource>true</optionalSource>
<optionalTarget>false</optionalTarget>
<sourceCardinality>1</sourceCardinality>
<sourceEntity>480DCBD8-0B55-7F26-F056-87A49D78DFCD</sourceEntity>
<targetCardinalityString>*</targetCardinalityString>
<targetEntity>698BE174-501E-0AD9-B92B-94592986FB91</targetEntity>
<transferable>true</transferable>
<deleteRule>NO ACTION</deleteRule>
</Relation>