<?xml version = '1.0' encoding = 'UTF-8'?>
<Relation class="oracle.dbtools.crest.model.design.logical.Relation" name="Relation_10" directorySegmentName="seg_0" id="34453954-B344-B36D-BD35-F9923EDD0B7D">
<createdBy>fcord</createdBy>
<createdTime>2025-09-02 02:16:22 UTC</createdTime>
<ownerDesignName>Exp1_S3_Francisco_Cordova</ownerDesignName>
<engineerTo>
<item key="FD010AB0-D2CD-9CF8-F7B1-D79A74DD5131" value="true"/>
</engineerTo>
<sourcePk>698DE796-4E9F-9385-22DE-1806F4B4403F</sourcePk>
<targetPk>159BAD14-1139-F64C-167B-A984CA969028</targetPk>
<identifying>false</identifying>
<nameOnSource>es firmado por</nameOnSource>
<nameOnTarget>firma muchos</nameOnTarget>
<optionalSource>true</optionalSource>
<optionalTarget>true</optionalTarget>
<sourceCardinality>1</sourceCardinality>
<sourceEntity>480DCBD8-0B55-7F26-F056-87A49D78DFCD</sourceEntity>
<targetCardinalityString>1</targetCardinalityString>
<targetEntity>003A68D8-12A7-0FEE-DE92-B657C84FF46B</targetEntity>
<transferable>true</transferable>
<deleteRule>NO ACTION</deleteRule>
</Relation>