<?xml version = '1.0' encoding = 'UTF-8'?>
<Relation class="oracle.dbtools.crest.model.design.logical.Relation" name="Relation_3" directorySegmentName="seg_0" id="77CE9911-EF68-0466-12C8-3B92C7336B50">
<createdBy>fcord</createdBy>
<createdTime>2025-09-02 01:46:12 UTC</createdTime>
<ownerDesignName>Exp1_S3_Francisco_Cordova</ownerDesignName>
<engineerTo>
<item key="FD010AB0-D2CD-9CF8-F7B1-D79A74DD5131" value="true"/>
</engineerTo>
<sourcePk>7217E51A-4873-F629-96EF-AAFA0FE8F342</sourcePk>
<targetPk>698DE796-4E9F-9385-22DE-1806F4B4403F</targetPk>
<identifying>false</identifying>
<nameOnSource>asignada a un</nameOnSource>
<nameOnTarget>ocupa una</nameOnTarget>
<optionalSource>true</optionalSource>
<optionalTarget>true</optionalTarget>
<sourceCardinality>1</sourceCardinality>
<sourceEntity>FD270E5E-2371-5A43-D5B0-5A60AA6E92E3</sourceEntity>
<targetCardinalityString>1</targetCardinalityString>
<targetEntity>480DCBD8-0B55-7F26-F056-87A49D78DFCD</targetEntity>
<transferable>true</transferable>
<deleteRule>NO ACTION</deleteRule>
</Relation>