<?xml version = '1.0' encoding = 'UTF-8'?>
<Relation class="oracle.dbtools.crest.model.design.logical.Relation" name="Relation_1" directorySegmentName="seg_0" id="9E0E7979-7CFE-639A-92BF-BC7E51170BFA">
<createdBy>fcord</createdBy>
<createdTime>2025-09-02 01:44:43 UTC</createdTime>
<ownerDesignName>Exp1_S3_Francisco_Cordova</ownerDesignName>
<engineerTo>
<item key="FD010AB0-D2CD-9CF8-F7B1-D79A74DD5131" value="true"/>
</engineerTo>
<sourcePk>D115EAA0-C291-090E-2BE8-7F22785655E1</sourcePk>
<identifying>false</identifying>
<nameOnSource>tiene muchas</nameOnSource>
<nameOnTarget>pertenece a una</nameOnTarget>
<optionalSource>true</optionalSource>
<optionalTarget>false</optionalTarget>
<sourceCardinality>1</sourceCardinality>
<sourceEntity>34922526-34F5-2EF0-60B5-69A518BF90AF</sourceEntity>
<targetCardinalityString>*</targetCardinalityString>
<targetEntity>FD270E5E-2371-5A43-D5B0-5A60AA6E92E3</targetEntity>
<transferable>true</transferable>
<deleteRule>NO ACTION</deleteRule>
</Relation>