<?xml version = '1.0' encoding = 'UTF-8'?>
<Relation class="oracle.dbtools.crest.model.design.logical.Relation" name="Relation_11" directorySegmentName="seg_0" id="C6011479-60E3-3275-EB40-315EE88340C1">
<createdBy>fcord</createdBy>
<createdTime>2025-09-02 02:18:02 UTC</createdTime>
<ownerDesignName>Exp1_S3_Francisco_Cordova</ownerDesignName>
<engineerTo>
<item key="FD010AB0-D2CD-9CF8-F7B1-D79A74DD5131" value="true"/>
</engineerTo>
<targetPk>EE6E7920-D110-63AF-0AE3-586F33AB5E19</targetPk>
<identifying>false</identifying>
<optionalSource>true</optionalSource>
<optionalTarget>true</optionalTarget>
<sourceCardinality>1</sourceCardinality>
<sourceEntity>B1F12C0C-1677-2F47-F0A1-0ACC40C0DAD8</sourceEntity>
<targetCardinalityString>*</targetCardinalityString>
<targetEntity>B1F12C0C-1677-2F47-F0A1-0ACC40C0DAD8</targetEntity>
<transferable>true</transferable>
<deleteRule>NO ACTION</deleteRule>
</Relation>