<?xml version = '1.0' encoding = 'UTF-8'?>
<Relation class="oracle.dbtools.crest.model.design.logical.Relation" name="Relation_9" directorySegmentName="seg_0" id="D9BAD1F0-FBDD-E8BE-8A35-19734356B5DD">
<createdBy>fcord</createdBy>
<createdTime>2025-09-02 02:13:46 UTC</createdTime>
<ownerDesignName>Exp1_S3_Francisco_Cordova</ownerDesignName>
<engineerTo>
<item key="FD010AB0-D2CD-9CF8-F7B1-D79A74DD5131" value="true"/>
</engineerTo>
<sourcePk>6A717E70-0C7B-CB8E-3F89-9C45255D413B</sourcePk>
<identifying>false</identifying>
<nameOnSource>puede tener</nameOnSource>
<nameOnTarget>pertenece a </nameOnTarget>
<optionalSource>true</optionalSource>
<optionalTarget>false</optionalTarget>
<sourceCardinality>1</sourceCardinality>
<sourceEntity>EC59D639-7F60-E568-8F0D-0F3FDD2EE5D4</sourceEntity>
<targetCardinalityString>*</targetCardinalityString>
<targetEntity>698BE174-501E-0AD9-B92B-94592986FB91</targetEntity>
<transferable>true</transferable>
<deleteRule>NO ACTION</deleteRule>
</Relation>