<?xml version = '1.0' encoding = 'UTF-8'?>
<Relation class="oracle.dbtools.crest.model.design.logical.Relation" name="Relation_2" directorySegmentName="seg_0" id="F4E7C7D9-5066-E0A3-E5E1-23BC2D76CE1F">
<createdBy>fcord</createdBy>
<createdTime>2025-09-02 01:45:49 UTC</createdTime>
<ownerDesignName>Exp1_S3_Francisco_Cordova</ownerDesignName>
<engineerTo>
<item key="FD010AB0-D2CD-9CF8-F7B1-D79A74DD5131" value="true"/>
</engineerTo>
<sourcePk>D115EAA0-C291-090E-2BE8-7F22785655E1</sourcePk>
<identifying>true</identifying>
<nameOnSource>emplea a muchos</nameOnSource>
<nameOnTarget>pertenece a una</nameOnTarget>
<optionalSource>true</optionalSource>
<optionalTarget>false</optionalTarget>
<sourceCardinality>1</sourceCardinality>
<sourceEntity>34922526-34F5-2EF0-60B5-69A518BF90AF</sourceEntity>
<targetCardinalityString>*</targetCardinalityString>
<targetEntity>4DB4247C-074D-20AA-CA38-3173D892B8ED</targetEntity>
<transferable>true</transferable>
<deleteRule>NO ACTION</deleteRule>
</Relation>