<?xml version = '1.0' encoding = 'UTF-8'?>
<Table class="oracle.dbtools.crest.model.design.relational.Table" directorySegmentName="seg_0" id="02548C7C-434A-089B-156D-FD4445B3B6F6" name="Medico">
<createdBy>fcord</createdBy>
<createdTime>2025-09-16 00:56:32 UTC</createdTime>
<generatorID>A02E0AF5-EBAA-733D-360D-DB705D6DB20B</generatorID>
<ownerDesignName>MER-E</ownerDesignName>
<allowColumnReorder>false</allowColumnReorder>
<existDependencyGenerateInDDl>true</existDependencyGenerateInDDl>
<parsed>true</parsed>
<columns itemClass="oracle.dbtools.crest.model.design.relational.Column">
<Column name="rut_medico" id="181372EC-A690-969A-C04C-DF59BF8805CF">
<createdBy>fcord</createdBy>
<createdTime>2025-09-16 00:56:32 UTC</createdTime>
<generatorID>3AE3DDA6-853F-C4F0-02E8-55136C806D17</generatorID>
<ownerDesignName>MER-E</ownerDesignName>
<useDomainConstraints>false</useDomainConstraints>
<use>1</use>
<logicalDatatype>LOGDT019</logicalDatatype>
<dataTypePrecision>9</dataTypePrecision>
<ownDataTypeParameters>,9,</ownDataTypeParameters>
<autoIncrementCycle>false</autoIncrementCycle>
</Column>
<Column name="nombre_completo" id="7174EC79-C837-3A03-1FDF-B667D8DADC57">
<createdBy>fcord</createdBy>
<createdTime>2025-09-16 00:56:32 UTC</createdTime>
<generatorID>039568F4-CE37-77BB-1D4E-AC0B3B08D2DD</generatorID>
<ownerDesignName>MER-E</ownerDesignName>
<useDomainConstraints>false</useDomainConstraints>
<use>1</use>
<logicalDatatype>LOGDT024</logicalDatatype>
<dataTypeSize>100</dataTypeSize>
<ownDataTypeParameters>100,,</ownDataTypeParameters>
<autoIncrementCycle>false</autoIncrementCycle>
</Column>
<Column name="fecha_ingreso" id="EB716C9A-6DC7-FDE2-09B6-20DEBFF4B149">
<createdBy>fcord</createdBy>
<createdTime>2025-09-16 00:56:32 UTC</createdTime>
<generatorID>C87983B8-5032-4B09-8E9E-BCF3A61BD1A9</generatorID>
<ownerDesignName>MER-E</ownerDesignName>
<useDomainConstraints>false</useDomainConstraints>
<use>1</use>
<logicalDatatype>LOGDT007</logicalDatatype>
<ownDataTypeParameters>,,</ownDataTypeParameters>
<autoIncrementCycle>false</autoIncrementCycle>
</Column>
<Column name="Especialidad_id_especialidad" id="458DBB75-9F81-4AA7-FC40-AF45B8EEE5D2">
<createdBy>fcord</createdBy>
<createdTime>2025-09-16 00:56:32 UTC</createdTime>
<generatorID>A8739997-73E4-66DD-2073-B755933ECAFF</generatorID>
<ownerDesignName>MER-E</ownerDesignName>
<useDomainConstraints>false</useDomainConstraints>
<use>1</use>
<logicalDatatype>LOGDT019</logicalDatatype>
<dataTypePrecision>10</dataTypePrecision>
<ownDataTypeParameters>,,</ownDataTypeParameters>
<previousColumn>false</previousColumn>
<autoIncrementCycle>false</autoIncrementCycle>
<associations>
<colAssociation fkAssociation="1DFEDE4F-4480-CBA0-4153-2B0C86CE297E" referredColumn="1B83A2D2-5C6C-1059-1967-0124F262C6BB"/>
</associations>
</Column>
<Column name="AFP_id_afp" id="F3DA0916-B109-75E0-BC62-BDA77168E314">
<createdBy>fcord</createdBy>
<createdTime>2025-09-16 00:56:32 UTC</createdTime>
<generatorID>92DBA4E9-6972-E96A-3089-F4E51EEDDAC7</generatorID>
<ownerDesignName>MER-E</ownerDesignName>
<useDomainConstraints>false</useDomainConstraints>
<use>1</use>
<logicalDatatype>LOGDT019</logicalDatatype>
<dataTypePrecision>10</dataTypePrecision>
<ownDataTypeParameters>,,</ownDataTypeParameters>
<previousColumn>false</previousColumn>
<autoIncrementCycle>false</autoIncrementCycle>
<associations>
<colAssociation fkAssociation="6743F871-F404-28F8-0B94-BE0382B5C02A" referredColumn="D61D68CE-BF96-CC6C-B936-30D91A3233BD"/>
</associations>
</Column>
<Column name="Institucion_salud_id_inst_salud" id="FB8706AE-C40F-1039-B0E9-841F176AE3F0">
<createdBy>fcord</createdBy>
<createdTime>2025-09-16 00:56:32 UTC</createdTime>
<generatorID>4F2FF789-88BE-9132-D2B9-3B9108937262</generatorID>
<ownerDesignName>MER-E</ownerDesignName>
<useDomainConstraints>false</useDomainConstraints>
<use>1</use>
<logicalDatatype>LOGDT019</logicalDatatype>
<dataTypePrecision>10</dataTypePrecision>
<ownDataTypeParameters>,,</ownDataTypeParameters>
<previousColumn>false</previousColumn>
<autoIncrementCycle>false</autoIncrementCycle>
<associations>
<colAssociation fkAssociation="CD227FA5-96B8-E26C-38C3-0FB6B99C99A1" referredColumn="CDCF9481-AB1B-4929-6D99-EC76A451A50D"/>
</associations>
</Column>
<Column name="Unidad_atencion_id_unidad" id="F096CDC5-92F1-6535-8ECB-3E5AFC82C866">
<createdBy>fcord</createdBy>
<createdTime>2025-09-16 00:56:32 UTC</createdTime>
<generatorID>EA2AD9E0-FB67-6C28-8A85-D1D5E2FFD6E5</generatorID>
<ownerDesignName>MER-E</ownerDesignName>
<useDomainConstraints>false</useDomainConstraints>
<use>1</use>
<logicalDatatype>LOGDT019</logicalDatatype>
<dataTypePrecision>100</dataTypePrecision>
<ownDataTypeParameters>,,</ownDataTypeParameters>
<previousColumn>false</previousColumn>
<autoIncrementCycle>false</autoIncrementCycle>
<associations>
<colAssociation fkAssociation="D05421F6-4569-74EF-BF71-453309A3E88E" referredColumn="70EBF8A6-F12E-92CB-6648-BD0CA9E6D4DA"/>
</associations>
</Column>
<Column name="rut_supervisor" id="F5A54FF7-7E51-FE30-B289-5732569C1A2B">
<createdBy>fcord</createdBy>
<createdTime>2025-09-16 00:56:32 UTC</createdTime>
<generatorID>049A3626-BD9B-631C-4B0A-F12ABC9C3B8D</generatorID>
<ownerDesignName>MER-E</ownerDesignName>
<nullsAllowed>true</nullsAllowed>
<useDomainConstraints>false</useDomainConstraints>
<use>1</use>
<logicalDatatype>LOGDT019</logicalDatatype>
<dataTypePrecision>9</dataTypePrecision>
<ownDataTypeParameters>,9,</ownDataTypeParameters>
<autoIncrementCycle>false</autoIncrementCycle>
</Column>
<Column name="Medico_rut_medico" id="2B1031DA-4D66-49DF-AEB5-2487FD63B012">
<createdBy>fcord</createdBy>
<createdTime>2025-09-16 00:56:32 UTC</createdTime>
<generatorID>19AF4EB2-DD1F-7BFE-77EE-5E4CFA74EEB9</generatorID>
<ownerDesignName>MER-E</ownerDesignName>
<useDomainConstraints>false</useDomainConstraints>
<use>1</use>
<logicalDatatype>LOGDT019</logicalDatatype>
<dataTypePrecision>9</dataTypePrecision>
<ownDataTypeParameters>,,</ownDataTypeParameters>
<previousColumn>false</previousColumn>
<autoIncrementCycle>false</autoIncrementCycle>
<associations>
<colAssociation fkAssociation="ED0872CD-FC28-C4A0-2AF0-FA19A95B636B" referredColumn="181372EC-A690-969A-C04C-DF59BF8805CF"/>
</associations>
</Column>
<Column name="Medico_id_afp" id="F6E40350-9D5C-537A-2C02-554FF4F332C6">
<createdBy>fcord</createdBy>
<createdTime>2025-09-16 00:56:32 UTC</createdTime>
<generatorID>84079F1B-614B-1619-A710-23D31FBF4C73</generatorID>
<ownerDesignName>MER-E</ownerDesignName>
<useDomainConstraints>false</useDomainConstraints>
<use>1</use>
<logicalDatatype>LOGDT019</logicalDatatype>
<dataTypePrecision>10</dataTypePrecision>
<ownDataTypeParameters>,,</ownDataTypeParameters>
<previousColumn>false</previousColumn>
<autoIncrementCycle>false</autoIncrementCycle>
<associations>
<colAssociation fkAssociation="ED0872CD-FC28-C4A0-2AF0-FA19A95B636B" referredColumn="F3DA0916-B109-75E0-BC62-BDA77168E314"/>
</associations>
</Column>
</columns>
<indexes itemClass="oracle.dbtools.crest.model.design.relational.Index">
<ind_PK_UK id="5985CA82-841D-F5E1-8611-A5E6A1DF3B16" name="Medico_PK">
<createdBy>fcord</createdBy>
<createdTime>2025-09-16 00:56:32 UTC</createdTime>
<generatorID>B57097FC-A137-9D2F-B1DD-144AC42C2235</generatorID>
<ownerDesignName>MER-E</ownerDesignName>
<pk>true</pk>
<indexState>Primary Constraint</indexState>
<isSurrogateKey>false</isSurrogateKey>
<indexColumnUsage>
<colUsage columnID="181372EC-A690-969A-C04C-DF59BF8805CF"/>
<colUsage columnID="F3DA0916-B109-75E0-BC62-BDA77168E314"/>
</indexColumnUsage>
</ind_PK_UK>
<ind_PK_UK id="2333FA8A-8126-6AB7-A90C-8C1DEF8DB1AF" name="Medico_Medico_FK">
<createdBy>fcord</createdBy>
<createdTime>2025-09-16 00:56:32 UTC</createdTime>
<generatorID>3886DA6F-5A7B-CF05-BAE8-C23A2DCAA09F</generatorID>
<ownerDesignName>MER-E</ownerDesignName>
<indexState>Foreign Key</indexState>
<isSurrogateKey>false</isSurrogateKey>
<indexColumnUsage>
<colUsage columnID="2B1031DA-4D66-49DF-AEB5-2487FD63B012"/>
<colUsage columnID="F6E40350-9D5C-537A-2C02-554FF4F332C6"/>
</indexColumnUsage>
</ind_PK_UK>
<ind_PK_UK id="B9568062-1330-75C9-1046-2B20CDF76D9C" name="Medico_Especialidad_FK">
<createdBy>fcord</createdBy>
<createdTime>2025-09-16 00:56:32 UTC</createdTime>
<generatorID>BEF71FCA-0327-5DFA-3EB8-154A735C68F0</generatorID>
<ownerDesignName>MER-E</ownerDesignName>
<indexState>Foreign Key</indexState>
<isSurrogateKey>false</isSurrogateKey>
<indexColumnUsage>
<colUsage columnID="458DBB75-9F81-4AA7-FC40-AF45B8EEE5D2"/>
</indexColumnUsage>
</ind_PK_UK>
<ind_PK_UK id="32AB6E16-0B50-80C7-1EDB-76A64E24A5A1" name="Medico_AFP_FK">
<createdBy>fcord</createdBy>
<createdTime>2025-09-16 00:56:32 UTC</createdTime>
<generatorID>FFBBDF4C-AE17-C0C0-8932-BA47C91DEB8F</generatorID>
<ownerDesignName>MER-E</ownerDesignName>
<indexState>Foreign Key</indexState>
<isSurrogateKey>false</isSurrogateKey>
<indexColumnUsage>
<colUsage columnID="F3DA0916-B109-75E0-BC62-BDA77168E314"/>
</indexColumnUsage>
</ind_PK_UK>
<ind_PK_UK id="BA9E6807-BE87-68BB-79E1-CA56D2E4B143" name="Medico_Institucion_salud_FK">
<createdBy>fcord</createdBy>
<createdTime>2025-09-16 00:56:32 UTC</createdTime>
<generatorID>7397B6C3-9E3D-07DA-DE03-D71FB2AE66B6</generatorID>
<ownerDesignName>MER-E</ownerDesignName>
<indexState>Foreign Key</indexState>
<isSurrogateKey>false</isSurrogateKey>
<indexColumnUsage>
<colUsage columnID="FB8706AE-C40F-1039-B0E9-841F176AE3F0"/>
</indexColumnUsage>
</ind_PK_UK>
<ind_PK_UK id="DA3AC60F-102A-C053-090A-F51C9F2EF51B" name="Medico_Unidad_atencion_FK">
<createdBy>fcord</createdBy>
<createdTime>2025-09-16 00:56:32 UTC</createdTime>
<generatorID>A76412E3-C180-6902-B86F-9A5930D02FDC</generatorID>
<ownerDesignName>MER-E</ownerDesignName>
<indexState>Foreign Key</indexState>
<isSurrogateKey>false</isSurrogateKey>
<indexColumnUsage>
<colUsage columnID="F096CDC5-92F1-6535-8ECB-3E5AFC82C866"/>
</indexColumnUsage>
</ind_PK_UK>
</indexes>
</Table>