<?xml version = '1.0' encoding = 'UTF-8'?>
<Table class="oracle.dbtools.crest.model.design.relational.Table" directorySegmentName="seg_0" id="176D87AE-5873-FB4C-A89B-8E006A20C38D" name="Especialidad">
<createdBy>fcord</createdBy>
<createdTime>2025-09-16 00:56:32 UTC</createdTime>
<generatorID>EB4E78E9-D55F-591B-1A50-AEE004FF0457</generatorID>
<ownerDesignName>MER-E</ownerDesignName>
<allowColumnReorder>false</allowColumnReorder>
<existDependencyGenerateInDDl>true</existDependencyGenerateInDDl>
<parsed>true</parsed>
<columns itemClass="oracle.dbtools.crest.model.design.relational.Column">
<Column name="id_especialidad" id="1B83A2D2-5C6C-1059-1967-0124F262C6BB">
<createdBy>fcord</createdBy>
<createdTime>2025-09-16 00:56:32 UTC</createdTime>
<generatorID>710FCF56-6EBE-E669-7E5D-2C93B81451C6</generatorID>
<ownerDesignName>MER-E</ownerDesignName>
<useDomainConstraints>false</useDomainConstraints>
<use>1</use>
<logicalDatatype>LOGDT019</logicalDatatype>
<dataTypePrecision>10</dataTypePrecision>
<ownDataTypeParameters>,10,</ownDataTypeParameters>
<autoIncrementCycle>false</autoIncrementCycle>
</Column>
<Column name="nombre_especialidad" id="6C663EDD-183D-2E50-0C60-82F30CA1020E">
<createdBy>fcord</createdBy>
<createdTime>2025-09-16 00:56:32 UTC</createdTime>
<generatorID>5EDEA481-D586-6FFD-5999-68650D8EA1F5</generatorID>
<ownerDesignName>MER-E</ownerDesignName>
<useDomainConstraints>false</useDomainConstraints>
<use>1</use>
<logicalDatatype>LOGDT024</logicalDatatype>
<dataTypeSize>100</dataTypeSize>
<ownDataTypeParameters>100,,</ownDataTypeParameters>
<autoIncrementCycle>false</autoIncrementCycle>
</Column>
</columns>
<indexes itemClass="oracle.dbtools.crest.model.design.relational.Index">
<ind_PK_UK id="63AFC629-F9DD-AD52-AEB4-C390E77C00E4" name="Especialidad_PK">
<createdBy>fcord</createdBy>
<createdTime>2025-09-16 00:56:32 UTC</createdTime>
<generatorID>6070CE86-5EA5-E5B7-20D1-6078660872CA</generatorID>
<ownerDesignName>MER-E</ownerDesignName>
<pk>true</pk>
<indexState>Primary Constraint</indexState>
<isSurrogateKey>false</isSurrogateKey>
<indexColumnUsage>
<colUsage columnID="1B83A2D2-5C6C-1059-1967-0124F262C6BB"/>
</indexColumnUsage>
</ind_PK_UK>
</indexes>
</Table>