<?xml version = '1.0' encoding = 'UTF-8'?>
<Table class="oracle.dbtools.crest.model.design.relational.Table" directorySegmentName="seg_0" id="4B22DCF9-0687-0195-E8A9-8CDDCFFBB476" name="Comuna">
<createdBy>fcord</createdBy>
<createdTime>2025-09-16 00:56:32 UTC</createdTime>
<generatorID>3EC2BF1F-F4B9-9B56-FCD1-D1F81A1C11C6</generatorID>
<ownerDesignName>MER-E</ownerDesignName>
<allowColumnReorder>false</allowColumnReorder>
<existDependencyGenerateInDDl>true</existDependencyGenerateInDDl>
<parsed>true</parsed>
<columns itemClass="oracle.dbtools.crest.model.design.relational.Column">
<Column name="id_comuna" id="347675B5-2CFB-65AC-C1FB-6CFF8FF6550C">
<createdBy>fcord</createdBy>
<createdTime>2025-09-16 00:56:32 UTC</createdTime>
<generatorID>FC9C284D-0F7C-9DF4-1B42-C53369ED23A4</generatorID>
<ownerDesignName>MER-E</ownerDesignName>
<useDomainConstraints>false</useDomainConstraints>
<use>1</use>
<logicalDatatype>LOGDT019</logicalDatatype>
<ownDataTypeParameters>,,</ownDataTypeParameters>
<autoIncrementCycle>false</autoIncrementCycle>
</Column>
<Column name="nombre_comuna" id="372340BF-4F0A-68C3-6A84-A4C0DAE056D7">
<createdBy>fcord</createdBy>
<createdTime>2025-09-16 00:56:32 UTC</createdTime>
<generatorID>94CFD195-8824-91DD-D28D-7ED341B69F46</generatorID>
<ownerDesignName>MER-E</ownerDesignName>
<useDomainConstraints>false</useDomainConstraints>
<use>1</use>
<logicalDatatype>LOGDT024</logicalDatatype>
<dataTypeSize>20</dataTypeSize>
<ownDataTypeParameters>20,,</ownDataTypeParameters>
<autoIncrementCycle>false</autoIncrementCycle>
</Column>
<Column name="Region_id_region" id="810EF0B6-05AC-D60E-C206-6435871F1473">
<createdBy>fcord</createdBy>
<createdTime>2025-09-16 00:56:32 UTC</createdTime>
<generatorID>8E3F4296-648C-0AB1-17B7-572D001322FF</generatorID>
<ownerDesignName>MER-E</ownerDesignName>
<useDomainConstraints>false</useDomainConstraints>
<use>1</use>
<logicalDatatype>LOGDT019</logicalDatatype>
<ownDataTypeParameters>,,</ownDataTypeParameters>
<previousColumn>false</previousColumn>
<autoIncrementCycle>false</autoIncrementCycle>
<associations>
<colAssociation fkAssociation="88B1AC62-CF35-C01D-7EE6-042483D963D0" referredColumn="75CAA61D-B9DF-0312-B9B8-43F39D86FF24"/>
</associations>
</Column>
</columns>
<indexes itemClass="oracle.dbtools.crest.model.design.relational.Index">
<ind_PK_UK id="E6F17E42-76A3-77D1-80EC-080684A8135A" name="Comuna_PK">
<createdBy>fcord</createdBy>
<createdTime>2025-09-16 00:56:32 UTC</createdTime>
<generatorID>4D56616A-3C19-D00B-228E-47C81E0F0885</generatorID>
<ownerDesignName>MER-E</ownerDesignName>
<pk>true</pk>
<indexState>Primary Constraint</indexState>
<isSurrogateKey>false</isSurrogateKey>
<indexColumnUsage>
<colUsage columnID="347675B5-2CFB-65AC-C1FB-6CFF8FF6550C"/>
</indexColumnUsage>
</ind_PK_UK>
<ind_PK_UK id="9C45BE94-7110-F8EE-9557-7D5EEDEEEAC6" name="Comuna_Region_FK">
<createdBy>fcord</createdBy>
<createdTime>2025-09-16 00:56:32 UTC</createdTime>
<generatorID>30C24F98-93B2-4D4F-2B8F-2ADD346A91DE</generatorID>
<ownerDesignName>MER-E</ownerDesignName>
<indexState>Foreign Key</indexState>
<isSurrogateKey>false</isSurrogateKey>
<indexColumnUsage>
<colUsage columnID="810EF0B6-05AC-D60E-C206-6435871F1473"/>
</indexColumnUsage>
</ind_PK_UK>
</indexes>
</Table>