<?xml version = '1.0' encoding = 'UTF-8'?>
<Table class="oracle.dbtools.crest.model.design.relational.Table" directorySegmentName="seg_0" id="8B43FDF9-769F-861E-DE08-95976F8B5501" name="Solicitud_examen">
<createdBy>fcord</createdBy>
<createdTime>2025-09-16 00:56:32 UTC</createdTime>
<generatorID>EB3C7211-590B-2C54-7F83-500A4F1E271A</generatorID>
<ownerDesignName>MER-E</ownerDesignName>
<allowColumnReorder>false</allowColumnReorder>
<existDependencyGenerateInDDl>true</existDependencyGenerateInDDl>
<parsed>true</parsed>
<columns itemClass="oracle.dbtools.crest.model.design.relational.Column">
<Column name="fecha_solicitud" id="924C8123-9985-5D88-C0C2-85AE00537198">
<createdBy>fcord</createdBy>
<createdTime>2025-09-16 00:56:32 UTC</createdTime>
<generatorID>2BB58B78-C5DB-E1F6-F9D5-297C9DDB1457</generatorID>
<ownerDesignName>MER-E</ownerDesignName>
<useDomainConstraints>false</useDomainConstraints>
<use>1</use>
<logicalDatatype>LOGDT007</logicalDatatype>
<ownDataTypeParameters>,,</ownDataTypeParameters>
<autoIncrementCycle>false</autoIncrementCycle>
</Column>
<Column name="resultado" id="024A4701-36C8-2B5C-360A-51D05627A2F7">
<createdBy>fcord</createdBy>
<createdTime>2025-09-16 00:56:32 UTC</createdTime>
<generatorID>BC3C5BA8-96EB-CE11-B321-8992F3EAC14C</generatorID>
<ownerDesignName>MER-E</ownerDesignName>
<useDomainConstraints>false</useDomainConstraints>
<use>1</use>
<logicalDatatype>LOGDT024</logicalDatatype>
<dataTypeSize>200</dataTypeSize>
<ownDataTypeParameters>200,,</ownDataTypeParameters>
<autoIncrementCycle>false</autoIncrementCycle>
</Column>
<Column name="Atencion_medica_id_atencion" id="13A7CA2A-F1A5-CD71-7789-41CFBA31BF06">
<createdBy>fcord</createdBy>
<createdTime>2025-09-16 00:56:32 UTC</createdTime>
<generatorID>0835CF19-C975-5B23-B9FF-C527C29BE84D</generatorID>
<ownerDesignName>MER-E</ownerDesignName>
<useDomainConstraints>false</useDomainConstraints>
<use>1</use>
<logicalDatatype>LOGDT019</logicalDatatype>
<dataTypePrecision>20</dataTypePrecision>
<ownDataTypeParameters>,,</ownDataTypeParameters>
<previousColumn>false</previousColumn>
<autoIncrementCycle>false</autoIncrementCycle>
<associations>
<colAssociation fkAssociation="3BB6A810-B560-75F8-3479-FB0B772E9698" referredColumn="DECC675F-EC46-E9AD-1C88-DACDBDFBDEFC"/>
</associations>
</Column>
<Column name="Atencion_medica_rut_paciente" id="42E55348-BB1C-2F46-559D-DD14A0395B09">
<createdBy>fcord</createdBy>
<createdTime>2025-09-16 00:56:32 UTC</createdTime>
<generatorID>D39CBAE5-4B9C-2DA5-6B09-E5A5E81BABBD</generatorID>
<ownerDesignName>MER-E</ownerDesignName>
<useDomainConstraints>false</useDomainConstraints>
<use>1</use>
<logicalDatatype>LOGDT019</logicalDatatype>
<dataTypePrecision>9</dataTypePrecision>
<ownDataTypeParameters>,,</ownDataTypeParameters>
<previousColumn>false</previousColumn>
<autoIncrementCycle>false</autoIncrementCycle>
<associations>
<colAssociation fkAssociation="3BB6A810-B560-75F8-3479-FB0B772E9698" referredColumn="DF91F00A-579B-D418-5056-0447531B5AEC"/>
</associations>
</Column>
<Column name="Examen_laboratorio_id_examen" id="215717F6-DD2E-DB53-F25E-058CB44B046E">
<createdBy>fcord</createdBy>
<createdTime>2025-09-16 00:56:32 UTC</createdTime>
<generatorID>2A52728C-1FF2-8E89-B064-3D178B667E88</generatorID>
<ownerDesignName>MER-E</ownerDesignName>
<useDomainConstraints>false</useDomainConstraints>
<use>1</use>
<logicalDatatype>LOGDT019</logicalDatatype>
<dataTypePrecision>20</dataTypePrecision>
<ownDataTypeParameters>,,</ownDataTypeParameters>
<previousColumn>false</previousColumn>
<autoIncrementCycle>false</autoIncrementCycle>
<associations>
<colAssociation fkAssociation="BF9A593C-CD02-6D1E-1D6B-EF72A7DC80A1" referredColumn="FD11AC7F-87F6-B6FE-F43B-8EE0A18ED657"/>
</associations>
</Column>
</columns>
<indexes itemClass="oracle.dbtools.crest.model.design.relational.Index">
<ind_PK_UK id="A82EA3C2-4A17-83C5-BB95-229CF1304509" name="Solicitud_examen_PK">
<createdBy>fcord</createdBy>
<createdTime>2025-09-16 00:56:32 UTC</createdTime>
<generatorID>06E4BD33-BDFB-18B2-2F69-7299D0EE7A60</generatorID>
<ownerDesignName>MER-E</ownerDesignName>
<pk>true</pk>
<indexState>Primary Constraint</indexState>
<isSurrogateKey>false</isSurrogateKey>
<indexColumnUsage>
<colUsage columnID="13A7CA2A-F1A5-CD71-7789-41CFBA31BF06"/>
<colUsage columnID="42E55348-BB1C-2F46-559D-DD14A0395B09"/>
<colUsage columnID="215717F6-DD2E-DB53-F25E-058CB44B046E"/>
</indexColumnUsage>
</ind_PK_UK>
<ind_PK_UK id="65C6AF96-74D6-62A1-EAD5-EADB03D60D87" name="Solicitud_examen_Atencion_medica_FK">
<createdBy>fcord</createdBy>
<createdTime>2025-09-16 00:56:32 UTC</createdTime>
<generatorID>038DCB55-CA46-4230-6504-B94D7D279F1C</generatorID>
<ownerDesignName>MER-E</ownerDesignName>
<indexState>Foreign Key</indexState>
<isSurrogateKey>false</isSurrogateKey>
<indexColumnUsage>
<colUsage columnID="13A7CA2A-F1A5-CD71-7789-41CFBA31BF06"/>
<colUsage columnID="42E55348-BB1C-2F46-559D-DD14A0395B09"/>
</indexColumnUsage>
</ind_PK_UK>
<ind_PK_UK id="1D4AC4C4-083E-DE65-E35B-142B891B59CE" name="Solicitud_examen_Examen_laboratorio_FK">
<createdBy>fcord</createdBy>
<createdTime>2025-09-16 00:56:32 UTC</createdTime>
<generatorID>19D2C597-470D-1C58-48E7-E2F52F1D35E7</generatorID>
<ownerDesignName>MER-E</ownerDesignName>
<indexState>Foreign Key</indexState>
<isSurrogateKey>false</isSurrogateKey>
<indexColumnUsage>
<colUsage columnID="215717F6-DD2E-DB53-F25E-058CB44B046E"/>
</indexColumnUsage>
</ind_PK_UK>
</indexes>
</Table>