<?xml version = '1.0' encoding = 'UTF-8'?>
<Table class="oracle.dbtools.crest.model.design.relational.Table" directorySegmentName="seg_0" id="99B692B7-17D4-3588-A078-75541F0C9054" name="Examen_laboratorio">
<createdBy>fcord</createdBy>
<createdTime>2025-09-16 00:56:32 UTC</createdTime>
<generatorID>CB15F3FF-8632-5E62-A3CB-81641C2D016E</generatorID>
<ownerDesignName>MER-E</ownerDesignName>
<allowColumnReorder>false</allowColumnReorder>
<existDependencyGenerateInDDl>true</existDependencyGenerateInDDl>
<parsed>true</parsed>
<columns itemClass="oracle.dbtools.crest.model.design.relational.Column">
<Column name="id_examen" id="FD11AC7F-87F6-B6FE-F43B-8EE0A18ED657">
<createdBy>fcord</createdBy>
<createdTime>2025-09-16 00:56:32 UTC</createdTime>
<generatorID>3146ECB0-7748-8227-110C-B0DE0D52FB4C</generatorID>
<ownerDesignName>MER-E</ownerDesignName>
<useDomainConstraints>false</useDomainConstraints>
<use>1</use>
<logicalDatatype>LOGDT019</logicalDatatype>
<dataTypePrecision>20</dataTypePrecision>
<ownDataTypeParameters>,20,</ownDataTypeParameters>
<autoIncrementCycle>false</autoIncrementCycle>
</Column>
<Column name="nombre_examen" id="FD494E1A-B367-D4AF-0C60-9A9DA5D67E80">
<createdBy>fcord</createdBy>
<createdTime>2025-09-16 00:56:32 UTC</createdTime>
<generatorID>C1CF1A3A-6217-20D5-DF18-6A3ED0AAD5F7</generatorID>
<ownerDesignName>MER-E</ownerDesignName>
<useDomainConstraints>false</useDomainConstraints>
<use>1</use>
<logicalDatatype>LOGDT024</logicalDatatype>
<dataTypeSize>30</dataTypeSize>
<ownDataTypeParameters>30,,</ownDataTypeParameters>
<autoIncrementCycle>false</autoIncrementCycle>
</Column>
<Column name="tipo_muestra" id="95A833F7-7584-95E1-3F4D-80E8E616B0F9">
<createdBy>fcord</createdBy>
<createdTime>2025-09-16 00:56:32 UTC</createdTime>
<generatorID>2E52DE81-1F7A-2998-C5B2-B6591D9217B1</generatorID>
<ownerDesignName>MER-E</ownerDesignName>
<useDomainConstraints>false</useDomainConstraints>
<use>1</use>
<logicalDatatype>LOGDT024</logicalDatatype>
<dataTypeSize>20</dataTypeSize>
<ownDataTypeParameters>20,,</ownDataTypeParameters>
<autoIncrementCycle>false</autoIncrementCycle>
</Column>
<Column name="condiciones" id="F4E821C4-1AB1-ED91-B3A7-BC889FA6FA48">
<createdBy>fcord</createdBy>
<createdTime>2025-09-16 00:56:32 UTC</createdTime>
<generatorID>C6767740-1EF2-C56A-D45F-C7050CDE2806</generatorID>
<ownerDesignName>MER-E</ownerDesignName>
<useDomainConstraints>false</useDomainConstraints>
<use>1</use>
<logicalDatatype>LOGDT024</logicalDatatype>
<dataTypeSize>20</dataTypeSize>
<ownDataTypeParameters>20,,</ownDataTypeParameters>
<autoIncrementCycle>false</autoIncrementCycle>
</Column>
</columns>
<indexes itemClass="oracle.dbtools.crest.model.design.relational.Index">
<ind_PK_UK id="FDAB05BB-4086-4149-4FBF-405E8851444F" name="Examen_laboratorio_PK">
<createdBy>fcord</createdBy>
<createdTime>2025-09-16 00:56:32 UTC</createdTime>
<generatorID>ACE40C64-4C71-A8F8-A18C-0CB8F0FD6CDB</generatorID>
<ownerDesignName>MER-E</ownerDesignName>
<pk>true</pk>
<indexState>Primary Constraint</indexState>
<isSurrogateKey>false</isSurrogateKey>
<indexColumnUsage>
<colUsage columnID="FD11AC7F-87F6-B6FE-F43B-8EE0A18ED657"/>
</indexColumnUsage>
</ind_PK_UK>
</indexes>
</Table>