<?xml version = '1.0' encoding = 'UTF-8'?>
<Diagram class="oracle.dbtools.crest.swingui.relational.DPVRelational" name="Relational_1" id="7BD874F7-78D2-7EA6-7A40-3711886C87F9">
<createdBy>fcord</createdBy>
<modifiedBy>fcord</modifiedBy>
<createdTime>2025-09-16 00:56:32 UTC</createdTime>
<autoRoute>false</autoRoute>
<boxInbox>true</boxInbox>
<showLegend>false</showLegend>
<showLabels>false</showLabels>
<showRelAttributes>false</showRelAttributes>
<gridEnabled>false</gridEnabled>
<showGrid>false</showGrid>
<diagramColor>-1</diagramColor>
<display>false</display>
<notation>1</notation>
<objectViews>
<OView class="oracle.dbtools.crest.swingui.relational.TVTable" oid="02548C7C-434A-089B-156D-FD4445B3B6F6" otype="Table" vid="FCFD4E47-1F7F-DA6A-560B-6C692DEC6BF3">
<hideElementsInCurrentOnly>false</hideElementsInCurrentOnly>
<bounds x="1184" y="302" width="326" height="265"/>
</OView>
<OView class="oracle.dbtools.crest.swingui.relational.TVTable" oid="176D87AE-5873-FB4C-A89B-8E006A20C38D" otype="Table" vid="1DCBE455-994E-2988-933A-2F6A3518E329">
<hideElementsInCurrentOnly>false</hideElementsInCurrentOnly>
<bounds x="1081" y="111" width="240" height="92"/>
</OView>
<OView class="oracle.dbtools.crest.swingui.relational.TVTable" oid="47494C79-DB20-6AED-450B-7398FD2FE3B5" otype="Table" vid="8E819F4D-CF17-6FFD-1B31-760FCC7E9650">
<hideElementsInCurrentOnly>false</hideElementsInCurrentOnly>
<bounds x="49" y="49" width="234" height="121"/>
</OView>
<OView class="oracle.dbtools.crest.swingui.relational.TVTable" oid="4B22DCF9-0687-0195-E8A9-8CDDCFFBB476" otype="Table" vid="6F29F6B2-9F24-5731-CC58-751116C3C200">
<hideElementsInCurrentOnly>false</hideElementsInCurrentOnly>
<bounds x="358" y="41" width="228" height="124"/>
</OView>
<OView class="oracle.dbtools.crest.swingui.relational.TVTable" oid="6231014C-79AF-7EA9-3ADD-3E18DA0E3D39" otype="Table" vid="B3E31346-D57F-CF4E-7552-0AFDA41B2316">
<hideElementsInCurrentOnly>false</hideElementsInCurrentOnly>
<bounds x="7" y="384" width="524" height="166"/>
</OView>
<OView class="oracle.dbtools.crest.swingui.relational.TVTable" oid="7EC229F1-60E5-9A58-5259-C958ACCEB83E" otype="Table" vid="8C22DEC7-EE18-2CCC-3B8C-06501443B797">
<hideElementsInCurrentOnly>false</hideElementsInCurrentOnly>
<bounds x="1394" y="655" width="200" height="91"/>
</OView>
<OView class="oracle.dbtools.crest.swingui.relational.TVTable" oid="8B43FDF9-769F-861E-DE08-95976F8B5501" otype="Table" vid="A09D195A-7ACD-B64F-2C63-B3A005C25FCD">
<hideElementsInCurrentOnly>false</hideElementsInCurrentOnly>
<bounds x="548" y="574" width="609" height="148"/>
</OView>
<OView class="oracle.dbtools.crest.swingui.relational.TVTable" oid="94AE9F12-43B8-71C0-6F9B-26149031758B" otype="Table" vid="94859B53-5794-6538-D032-85608DADFDC1">
<hideElementsInCurrentOnly>false</hideElementsInCurrentOnly>
<bounds x="720" y="34" width="252" height="169"/>
</OView>
<OView class="oracle.dbtools.crest.swingui.relational.TVTable" oid="99B692B7-17D4-3588-A078-75541F0C9054" otype="Table" vid="0BA14BE1-09FD-16A8-5C33-9C2C1068A203">
<hideElementsInCurrentOnly>false</hideElementsInCurrentOnly>
<bounds x="63" y="713" width="375" height="117"/>
</OView>
<OView class="oracle.dbtools.crest.swingui.relational.TVTable" oid="B1CDB2FF-314B-F145-A27B-1045EF0BAC43" otype="Table" vid="71D5BBA9-4A76-F988-8CBE-24687083771E">
<hideElementsInCurrentOnly>false</hideElementsInCurrentOnly>
<bounds x="1157" y="736" width="226" height="107"/>
</OView>
<OView class="oracle.dbtools.crest.swingui.relational.TVTable" oid="BB86805D-305D-1030-7ADF-9D2161259511" otype="Table" vid="93C62297-974D-EF1C-0B2C-3CE44E59A49F">
<hideElementsInCurrentOnly>false</hideElementsInCurrentOnly>
<bounds x="652" y="250" width="379" height="194"/>
</OView>
<OView class="oracle.dbtools.crest.swingui.relational.TVTable" oid="C1A73602-FEB9-AE93-DA6E-DAA42D84B937" otype="Table" vid="E92455C3-3FC0-EBEF-7131-9FF3D6E97E47">
<hideElementsInCurrentOnly>false</hideElementsInCurrentOnly>
<bounds x="1336" y="113" width="230" height="91"/>
</OView>
</objectViews>
<connectors>
<Connector class="oracle.dbtools.crest.swingui.relational.TVFKRelation" oid="1DFEDE4F-4480-CBA0-4153-2B0C86CE297E" otype="FKIndexAssociation" vid_source="1DCBE455-994E-2988-933A-2F6A3518E329" vid_target="FCFD4E47-1F7F-DA6A-560B-6C692DEC6BF3">
<hideElementsInCurrentOnly>false</hideElementsInCurrentOnly>
<backgroundColor>-16777216</backgroundColor>
<lineWidth>1</lineWidth>
<points>
<point x="1252" y="203"/>
<point x="1252" y="302"/>
</points>
</Connector>
<Connector class="oracle.dbtools.crest.swingui.relational.TVFKRelation" oid="2CBFE9CD-F77E-1D10-6219-07E2D8F9A5B1" otype="FKIndexAssociation" vid_source="FCFD4E47-1F7F-DA6A-560B-6C692DEC6BF3" vid_target="93C62297-974D-EF1C-0B2C-3CE44E59A49F">
<hideElementsInCurrentOnly>false</hideElementsInCurrentOnly>
<backgroundColor>-16777216</backgroundColor>
<lineWidth>1</lineWidth>
<points>
<point x="1184" y="373"/>
<point x="1031" y="373"/>
</points>
</Connector>
<Connector class="oracle.dbtools.crest.swingui.relational.TVFKRelation" oid="3BB6A810-B560-75F8-3479-FB0B772E9698" otype="FKIndexAssociation" vid_source="93C62297-974D-EF1C-0B2C-3CE44E59A49F" vid_target="A09D195A-7ACD-B64F-2C63-B3A005C25FCD">
<hideElementsInCurrentOnly>false</hideElementsInCurrentOnly>
<backgroundColor>-16777216</backgroundColor>
<lineWidth>1</lineWidth>
<points>
<point x="841" y="444"/>
<point x="841" y="574"/>
</points>
</Connector>
<Connector class="oracle.dbtools.crest.swingui.relational.TVFKRelation" oid="584011F1-B707-FE42-730D-C62048AF1A94" otype="FKIndexAssociation" vid_source="6F29F6B2-9F24-5731-CC58-751116C3C200" vid_target="94859B53-5794-6538-D032-85608DADFDC1">
<hideElementsInCurrentOnly>false</hideElementsInCurrentOnly>
<backgroundColor>-16777216</backgroundColor>
<lineWidth>1</lineWidth>
<points>
<point x="586" y="103"/>
<point x="720" y="103"/>
</points>
</Connector>
<Connector class="oracle.dbtools.crest.swingui.relational.TVFKRelation" oid="6743F871-F404-28F8-0B94-BE0382B5C02A" otype="FKIndexAssociation" vid_source="8C22DEC7-EE18-2CCC-3B8C-06501443B797" vid_target="FCFD4E47-1F7F-DA6A-560B-6C692DEC6BF3">
<hideElementsInCurrentOnly>false</hideElementsInCurrentOnly>
<backgroundColor>-16777216</backgroundColor>
<lineWidth>1</lineWidth>
<points>
<point x="1452" y="655"/>
<point x="1452" y="567"/>
</points>
</Connector>
<Connector class="oracle.dbtools.crest.swingui.relational.TVFKRelation" oid="70E8A466-F2EE-779B-5996-9D4ED1EDB8B4" otype="FKIndexAssociation" vid_source="93C62297-974D-EF1C-0B2C-3CE44E59A49F" vid_target="B3E31346-D57F-CF4E-7552-0AFDA41B2316">
<hideElementsInCurrentOnly>false</hideElementsInCurrentOnly>
<backgroundColor>-16777216</backgroundColor>
<lineWidth>1</lineWidth>
<points>
<point x="652" y="414"/>
<point x="531" y="414"/>
</points>
</Connector>
<Connector class="oracle.dbtools.crest.swingui.relational.TVFKRelation" oid="88B1AC62-CF35-C01D-7EE6-042483D963D0" otype="FKIndexAssociation" vid_source="8E819F4D-CF17-6FFD-1B31-760FCC7E9650" vid_target="6F29F6B2-9F24-5731-CC58-751116C3C200">
<hideElementsInCurrentOnly>false</hideElementsInCurrentOnly>
<backgroundColor>-16777216</backgroundColor>
<lineWidth>1</lineWidth>
<points>
<point x="283" y="107"/>
<point x="358" y="107"/>
</points>
</Connector>
<Connector class="oracle.dbtools.crest.swingui.relational.TVFKRelation" oid="A050CC9C-6AB9-4FDB-7FCE-9BD7A741547D" otype="FKIndexAssociation" vid_source="94859B53-5794-6538-D032-85608DADFDC1" vid_target="93C62297-974D-EF1C-0B2C-3CE44E59A49F">
<hideElementsInCurrentOnly>false</hideElementsInCurrentOnly>
<backgroundColor>-16777216</backgroundColor>
<lineWidth>1</lineWidth>
<points>
<point x="846" y="203"/>
<point x="846" y="250"/>
</points>
</Connector>
<Connector class="oracle.dbtools.crest.swingui.relational.TVFKRelation" oid="BF9A593C-CD02-6D1E-1D6B-EF72A7DC80A1" otype="FKIndexAssociation" vid_source="0BA14BE1-09FD-16A8-5C33-9C2C1068A203" vid_target="A09D195A-7ACD-B64F-2C63-B3A005C25FCD">
<hideElementsInCurrentOnly>false</hideElementsInCurrentOnly>
<backgroundColor>-16777216</backgroundColor>
<lineWidth>1</lineWidth>
<points>
<point x="438" y="717"/>
<point x="548" y="717"/>
</points>
</Connector>
<Connector class="oracle.dbtools.crest.swingui.relational.TVFKRelation" oid="CD227FA5-96B8-E26C-38C3-0FB6B99C99A1" otype="FKIndexAssociation" vid_source="71D5BBA9-4A76-F988-8CBE-24687083771E" vid_target="FCFD4E47-1F7F-DA6A-560B-6C692DEC6BF3">
<hideElementsInCurrentOnly>false</hideElementsInCurrentOnly>
<backgroundColor>-16777216</backgroundColor>
<lineWidth>1</lineWidth>
<points>
<point x="1283" y="736"/>
<point x="1283" y="567"/>
</points>
</Connector>
<Connector class="oracle.dbtools.crest.swingui.relational.TVFKRelation" oid="D05421F6-4569-74EF-BF71-453309A3E88E" otype="FKIndexAssociation" vid_source="E92455C3-3FC0-EBEF-7131-9FF3D6E97E47" vid_target="FCFD4E47-1F7F-DA6A-560B-6C692DEC6BF3">
<hideElementsInCurrentOnly>false</hideElementsInCurrentOnly>
<backgroundColor>-16777216</backgroundColor>
<lineWidth>1</lineWidth>
<points>
<point x="1423" y="204"/>
<point x="1423" y="302"/>
</points>
</Connector>
<Connector class="oracle.dbtools.crest.swingui.relational.TVFKRelation" oid="ED0872CD-FC28-C4A0-2AF0-FA19A95B636B" otype="FKIndexAssociation" vid_source="FCFD4E47-1F7F-DA6A-560B-6C692DEC6BF3" vid_target="FCFD4E47-1F7F-DA6A-560B-6C692DEC6BF3">
<hideElementsInCurrentOnly>false</hideElementsInCurrentOnly>
<backgroundColor>-16777216</backgroundColor>
<lineWidth>1</lineWidth>
<points>
<point x="1502" y="473"/>
<point x="1502" y="471"/>
<point x="1502" y="564"/>
<point x="1387" y="564"/>
<point x="1387" y="567"/>
</points>
</Connector>
</connectors>
</Diagram>